step,callsign_a,callsign_b,h_sep_nm,v_sep_ft,alt_a_ft,alt_b_ft,lat_a,lon_a,lat_b,lon_b,duration_steps,resolved_step,severity
0,FFT3470,UAL1457,2.7,274.3,1257.3,1013.46,29.938247680664062,-95.23988611557904,29.909533484507413,-95.2704754997702,7,7,MODERATE
0,NKS687,UAL1457,2.9047,76.2,1013.46,1013.46,29.90669379800053,-95.26654411764709,29.909533484507413,-95.2704754997702,120,120,CRITICAL
0,NKS2801,NKS687,2.9013,304.8,1021.08,1013.46,29.895675659179688,-95.2488767183744,29.90669379800053,-95.26654411764709,182,182,HIGH
0,ENY4071,UAL1795,2.9706,167.6,1028.7,1028.7,25.83858683957892,-80.158943763146,25.81074860136388,-80.18143563900355,25,25,MODERATE
0,NKS797,UAL2662,2.9529,304.8,1112.52,1173.48,29.938023454051905,-95.25860595703124,29.9146728515625,-95.2752147001379,10,10,HIGH
0,ENY3814,UAL2657,2.9302,289.6,1043.94,1028.7,29.91156005859375,-95.27225269990812,29.9154052734375,-95.27386833639709,17,17,CRITICAL
0,NKS1564,UAL1795,2.9332,304.8,1021.08,1028.7,25.81842041015625,-80.16962687174475,25.81074860136388,-80.18143563900355,96,96,CRITICAL
0,AAL1465,NKS687,2.9343,22.9,1021.08,1013.46,29.90716552734375,-95.22891117976263,29.90669379800053,-95.26654411764709,266,266,HIGH
0,NAC810,TXG403,2.9962,30.5,1021.08,1013.46,25.777463751324152,-80.21455009028597,25.761310124801376,-80.16671810510024,42,42,MODERATE
0,UAL1848,UAL413,2.6608,358.1,1424.94,1074.42,29.897781372070312,-95.20730825570912,29.900894165039062,-95.25917640099158,3,3,MODERATE
0,SHH3006,TXG403,2.8017,83.8,1028.7,1013.46,25.76852572166313,-80.18703244767096,25.761310124801376,-80.16671810510024,316,316,HIGH
0,FFT3470,NKS272,2.8867,243.8,1257.3,1074.42,29.938247680664062,-95.23988611557904,29.897003173828125,-95.2521514892578,7,7,MODERATE
0,NKS687,UAL2245,2.0778,221.0,1013.46,1059.18,29.90669379800053,-95.26654411764709,29.905483439817267,-95.26552088120404,11,11,CRITICAL
0,NKS1904,UAL2657,1.7063,297.2,1097.28,1028.7,29.9381103515625,-95.24871826171876,29.9154052734375,-95.27386833639709,7,7,HIGH
0,NKS1708,UAL2662,2.8464,228.6,1021.08,1173.48,29.9186577231197,-95.27206420898438,29.9146728515625,-95.2752147001379,29,29,CRITICAL
0,NKS1708,NKS797,2.8624,586.7,1021.08,1112.52,29.9186577231197,-95.27206420898438,29.938023454051905,-95.25860595703124,113,113,HIGH
0,ENY3814,UAL2662,2.9659,243.8,1043.94,1173.48,29.91156005859375,-95.27225269990812,29.9146728515625,-95.2752147001379,24,24,CRITICAL
0,ENY3814,NKS1155,1.8896,15.2,1043.94,1036.3200000000002,29.91156005859375,-95.27225269990812,29.90343514135328,-95.28399299172791,15,15,CRITICAL
0,AAL1465,SWA4490,2.3348,175.3,1021.08,1120.14,29.90716552734375,-95.22891117976263,29.9381103515625,-95.24979535271144,10,10,MODERATE
0,AAL2733,NKS271,2.9443,106.7,1036.3200000000002,1028.7,25.7833293332892,-80.41282221956072,25.78463279594809,-80.38178066037733,344,344,HIGH
0,AAL714,NKS271,2.9362,30.5,1021.08,1028.7,25.778961181640625,-80.39108276367188,25.78463279594809,-80.38178066037733,53,53,CRITICAL
0,FFT3378,NKS271,2.9595,137.2,1028.7,1028.7,25.779744810977224,-80.39623908276826,25.78463279594809,-80.38178066037733,52,52,CRITICAL
0,UAL1167,UAL2245,2.456,228.6,1188.72,1059.18,29.89254191770392,-95.24397906135113,29.905483439817267,-95.26552088120404,13,13,HIGH
0,NKS2801,NKS797,2.9932,304.8,1021.08,1112.52,29.895675659179688,-95.2488767183744,29.938023454051905,-95.25860595703124,20,20,MODERATE
0,NAC810,UAL1927,2.9474,7.6,1021.08,1036.3200000000002,25.777463751324152,-80.21455009028597,25.81187438964844,-80.17740885416663,3,3,MODERATE
0,AAL1465,UAL2245,2.538,685.8,1021.08,1059.18,29.90716552734375,-95.22891117976263,29.905483439817267,-95.26552088120404,13,13,HIGH
0,AAL1613,SHH3006,2.9544,304.8,1036.3200000000002,1028.7,25.764816284179688,-80.17410278320312,25.76852572166313,-80.18703244767096,274,274,CRITICAL
0,NKS3010,UAL413,2.2275,30.5,1021.08,1074.42,29.896408081054688,-95.25035564716046,29.900894165039062,-95.25917640099158,12,12,CRITICAL
0,FFT3470,UAL413,2.8479,221.0,1257.3,1074.42,29.938247680664062,-95.23988611557904,29.900894165039062,-95.25917640099158,7,7,MODERATE
0,UAL1457,UAL2657,2.9167,632.5,1013.46,1028.7,29.909533484507413,-95.2704754997702,29.9154052734375,-95.27386833639709,8,8,CRITICAL
0,AAL1856,SHH3006,2.8644,716.3,1036.3200000000002,1028.7,25.766510009765625,-80.17868041992188,25.76852572166313,-80.18703244767096,416,416,CRITICAL
0,NKS3010,SWA4490,2.9708,167.6,1021.08,1120.14,29.896408081054688,-95.25035564716046,29.9381103515625,-95.24979535271144,7,7,MODERATE
0,ENY3814,UAL1457,1.5129,7.6,1043.94,1013.46,29.91156005859375,-95.27225269990812,29.909533484507413,-95.2704754997702,15,15,CRITICAL
0,AAL1856,N453QS,2.9772,76.2,1036.3200000000002,1028.7,25.766510009765625,-80.17868041992188,25.787017822265625,-80.21835327148438,173,173,MODERATE
0,FFT1418,FFT3470,2.9874,731.5,1013.46,1257.3,29.937837245100635,-95.24602661132808,29.938247680664062,-95.23988611557904,13,13,CRITICAL
0,AAL1856,UAL1795,2.9262,30.5,1036.3200000000002,1028.7,25.766510009765625,-80.17868041992188,25.81074860136388,-80.18143563900355,5,5,MODERATE
0,SWA4490,UAL1457,2.9398,137.2,1120.14,1013.46,29.9381103515625,-95.24979535271144,29.909533484507413,-95.2704754997702,9,9,MODERATE
0,FFT3470,NKS1847,2.9236,251.5,1257.3,1028.7,29.938247680664062,-95.23988611557904,29.891921997070312,-95.24417583759016,4,4,MODERATE
0,NKS797,UAL2657,2.8015,518.2,1112.52,1028.7,29.938023454051905,-95.25860595703124,29.9154052734375,-95.27386833639709,13,13,HIGH
0,AAL1465,UAL1167,2.9841,556.3,1021.08,1188.72,29.90716552734375,-95.22891117976263,29.89254191770392,-95.24397906135113,38,38,HIGH
0,NKS3010,UAL1848,2.5103,442.0,1021.08,1424.94,29.896408081054688,-95.25035564716046,29.897781372070312,-95.20730825570912,3,3,MODERATE
0,NKS1847,UAL413,0.2451,457.2,1028.7,1074.42,29.891921997070312,-95.24417583759016,29.900894165039062,-95.25917640099158,41,41,CRITICAL
0,ENY3814,NKS1708,2.1973,68.6,1043.94,1021.08,29.91156005859375,-95.27225269990812,29.9186577231197,-95.27206420898438,15,15,CRITICAL
0,AAL1821,AAL972,2.8402,457.2,1165.86,1112.52,18.34263610839844,-69.7458703177316,18.343963623046875,-69.7296360560826,526,526,CRITICAL
0,AAL1856,TXG403,2.4759,571.5,1036.3200000000002,1013.46,25.766510009765625,-80.17868041992188,25.761310124801376,-80.16671810510024,382,382,CRITICAL
0,ENY3814,SWA4490,2.9233,114.3,1043.94,1120.14,29.91156005859375,-95.27225269990812,29.9381103515625,-95.24979535271144,9,9,HIGH
0,AAL1511,N453QS,2.9979,205.7,1013.46,1028.7,25.76527404785156,-80.17466227213538,25.787017822265625,-80.21835327148438,55,55,MODERATE
0,NKS687,UAL1167,2.9468,381.0,1013.46,1188.72,29.90669379800053,-95.26654411764709,29.89254191770392,-95.24397906135113,17,17,HIGH
0,AAL1613,TXG403,2.9291,594.4,1036.3200000000002,1013.46,25.764816284179688,-80.17410278320312,25.761310124801376,-80.16671810510024,358,358,CRITICAL
0,NKS1708,UAL2657,2.9588,647.7,1021.08,1028.7,29.9186577231197,-95.27206420898438,29.9154052734375,-95.27386833639709,8,8,CRITICAL
0,AAL2541,NKS271,2.9997,609.6,1013.46,1028.7,25.78356209447828,-80.39053862949584,25.78463279594809,-80.38178066037733,537,537,CRITICAL
0,NKS1904,UAL2662,2.7675,289.6,1097.28,1173.48,29.9381103515625,-95.24871826171876,29.9146728515625,-95.2752147001379,6,6,HIGH
0,ENY3689,NKS1564,2.957,365.8,1013.46,1021.08,25.83526611328125,-80.15562813237028,25.81842041015625,-80.16962687174475,87,87,HIGH
0,ENY3814,NKS3010,2.4293,61.0,1043.94,1021.08,29.91156005859375,-95.27225269990812,29.896408081054688,-95.25035564716046,12,12,HIGH
0,N453QS,NAC810,2.9918,106.7,1028.7,1021.08,25.787017822265625,-80.21835327148438,25.777463751324152,-80.21455009028597,154,154,CRITICAL
0,SWA4490,UAL2662,2.9387,281.9,1120.14,1173.48,29.9381103515625,-95.24979535271144,29.9146728515625,-95.2752147001379,6,6,HIGH
0,AAL1511,AAL1856,1.9284,449.6,1013.46,1036.3200000000002,25.76527404785156,-80.17466227213538,25.766510009765625,-80.17868041992188,212,212,CRITICAL
0,FFT1418,UAL1457,2.9677,7.6,1013.46,1013.46,29.937837245100635,-95.24602661132808,29.909533484507413,-95.2704754997702,20,20,MODERATE
0,AAL714,FFT2284,2.9265,45.7,1021.08,1028.7,25.778961181640625,-80.39108276367188,25.7760206319518,-80.39675730579302,230,230,CRITICAL
0,AJT8313,UAL1795,2.9816,114.3,1028.7,1028.7,25.78266906738281,-80.21072387695312,25.81074860136388,-80.18143563900355,13,13,MODERATE
0,NKS210,UAL2162,1.0538,990.6,1013.46,1036.3200000000002,26.074859619140625,-80.24180862138854,26.07195320775953,-80.23827772874097,91,91,CRITICAL
0,ENY3814,NKS2801,2.9646,541.0,1043.94,1021.08,29.91156005859375,-95.27225269990812,29.895675659179688,-95.2488767183744,22,22,HIGH
0,ENY3814,UAL1167,1.1693,91.4,1043.94,1188.72,29.91156005859375,-95.27225269990812,29.89254191770392,-95.24397906135113,25,25,HIGH
0,AAL324,UAL1020,2.9879,541.0,1028.7,1043.94,29.94407524496821,-95.40444946289062,29.968963623046875,-95.4184139476103,30,30,HIGH
0,AAL1465,NKS1708,2.6099,53.3,1021.08,1021.08,29.90716552734375,-95.22891117976263,29.9186577231197,-95.27206420898438,248,248,MODERATE
0,UAL2657,UAL413,2.4976,655.3,1028.7,1074.42,29.9154052734375,-95.27386833639709,29.900894165039062,-95.25917640099158,13,13,HIGH
0,NKS797,UAL413,2.9374,320.0,1112.52,1074.42,29.938023454051905,-95.25860595703124,29.900894165039062,-95.25917640099158,21,21,MODERATE
0,NKS1155,UAL723,2.5295,83.8,1036.3200000000002,1127.76,29.90343514135328,-95.28399299172791,29.92140430515095,-95.32342529296876,24,24,MODERATE
0,NKS1708,NKS3010,2.1672,15.2,1021.08,1021.08,29.9186577231197,-95.27206420898438,29.896408081054688,-95.25035564716046,10,10,HIGH
0,AAL967,NAC810,2.9682,68.6,1013.46,1021.08,25.76083374023437,-80.1656595865885,25.777463751324152,-80.21455009028597,27,27,MODERATE
0,FFT1418,NKS2801,2.9927,38.1,1013.46,1021.08,29.937837245100635,-95.24602661132808,29.895675659179688,-95.2488767183744,10,10,MODERATE
0,NKS1155,UAL2245,2.6479,236.2,1036.3200000000002,1059.18,29.90343514135328,-95.28399299172791,29.905483439817267,-95.26552088120404,11,11,CRITICAL
0,AAL1026,AAL1821,2.9317,853.4,1379.22,1165.86,18.34181446140096,-69.7335205078125,18.34263610839844,-69.7458703177316,42,42,CRITICAL
0,ENY3814,UAL2245,1.7927,243.8,1043.94,1059.18,29.91156005859375,-95.27225269990812,29.905483439817267,-95.26552088120404,11,11,CRITICAL
0,FFT1418,NKS3010,2.9389,61.0,1013.46,1021.08,29.937837245100635,-95.24602661132808,29.896408081054688,-95.25035564716046,9,9,MODERATE
0,NKS272,NKS3010,2.0424,7.6,1074.42,1021.08,29.897003173828125,-95.2521514892578,29.896408081054688,-95.25035564716046,12,12,CRITICAL
0,FFT1418,NKS272,2.9816,38.1,1013.46,1074.42,29.937837245100635,-95.24602661132808,29.897003173828125,-95.2521514892578,11,11,MODERATE
0,ENY3689,ENY4071,2.9972,167.6,1013.46,1028.7,25.83526611328125,-80.15562813237028,25.83858683957892,-80.158943763146,204,204,CRITICAL
0,ENY3689,UAL1795,2.9789,198.1,1013.46,1028.7,25.83526611328125,-80.15562813237028,25.81074860136388,-80.18143563900355,193,193,MODERATE
0,AAL2541,FFT2284,2.9705,129.5,1013.46,1028.7,25.78356209447828,-80.39053862949584,25.7760206319518,-80.39675730579302,48,48,CRITICAL
0,NKS1708,NKS272,2.5782,106.7,1021.08,1074.42,29.9186577231197,-95.27206420898438,29.897003173828125,-95.2521514892578,24,24,HIGH
0,UAL1167,UAL1848,2.2077,281.9,1188.72,1424.94,29.89254191770392,-95.24397906135113,29.897781372070312,-95.20730825570912,3,3,HIGH
0,NKS687,NKS797,2.992,388.6,1013.46,1112.52,29.90669379800053,-95.26654411764709,29.938023454051905,-95.25860595703124,51,51,HIGH
0,NKS1155,UAL1457,2.9499,45.7,1036.3200000000002,1013.46,29.90343514135328,-95.28399299172791,29.909533484507413,-95.2704754997702,39,39,CRITICAL
0,UAL1457,UAL723,2.3863,30.5,1013.46,1127.76,29.909533484507413,-95.2704754997702,29.92140430515095,-95.32342529296876,25,25,MODERATE
0,NKS1171,NKS956,2.9384,388.6,1021.08,1021.08,26.063666909427965,-80.27514531062201,26.064132431806144,-80.26759221003607,226,226,CRITICAL
0,AAL1465,UAL2662,2.9994,731.5,1021.08,1173.48,29.90716552734375,-95.22891117976263,29.9146728515625,-95.2752147001379,102,102,MODERATE
0,NKS1155,UAL413,2.7672,213.4,1036.3200000000002,1074.42,29.90343514135328,-95.28399299172791,29.900894165039062,-95.25917640099158,31,31,HIGH
0,NKS272,UAL1167,0.8983,678.2,1074.42,1188.72,29.897003173828125,-95.2521514892578,29.89254191770392,-95.24397906135113,41,41,CRITICAL
0,AAL1465,NKS2801,2.9971,480.1,1021.08,1021.08,29.90716552734375,-95.22891117976263,29.895675659179688,-95.2488767183744,72,72,HIGH
0,FFT1418,NKS1155,1.8237,61.0,1013.46,1036.3200000000002,29.937837245100635,-95.24602661132808,29.90343514135328,-95.28399299172791,39,39,MODERATE
0,AAL165,AAL2541,2.9916,190.5,1120.14,1013.46,25.777130126953125,-80.39769490559894,25.78356209447828,-80.39053862949584,42,42,CRITICAL
0,SWA4490,UAL1167,2.9293,68.6,1120.14,1188.72,29.9381103515625,-95.24979535271144,29.89254191770392,-95.24397906135113,5,5,MODERATE
0,NKS272,UAL413,2.5906,259.1,1074.42,1074.42,29.897003173828125,-95.2521514892578,29.900894165039062,-95.25917640099158,41,41,CRITICAL
0,AAL1856,UAL1927,2.9531,7.6,1036.3200000000002,1036.3200000000002,25.766510009765625,-80.17868041992188,25.81187438964844,-80.17740885416663,4,4,MODERATE
0,AAL1511,NAC802,2.9698,373.4,1013.46,1013.46,25.76527404785156,-80.17466227213538,25.772063691737287,-80.1933547685731,101,101,HIGH
0,NKS1708,UAL1167,2.7217,228.6,1021.08,1188.72,29.9186577231197,-95.27206420898438,29.89254191770392,-95.24397906135113,10,10,MODERATE
0,AAL1465,NKS797,2.6707,586.7,1021.08,1112.52,29.90716552734375,-95.22891117976263,29.938023454051905,-95.25860595703124,124,124,MODERATE
0,NKS1847,SWA4490,2.8522,91.4,1028.7,1120.14,29.891921997070312,-95.24417583759016,29.9381103515625,-95.24979535271144,4,4,MODERATE
0,NKS3010,UAL2662,1.7195,426.7,1021.08,1173.48,29.896408081054688,-95.25035564716046,29.9146728515625,-95.2752147001379,12,12,HIGH
0,ENY3814,NKS272,2.9182,541.0,1043.94,1074.42,29.91156005859375,-95.27225269990812,29.897003173828125,-95.2521514892578,20,20,HIGH
0,FFT3470,NKS797,2.872,487.7,1257.3,1112.52,29.938247680664062,-95.23988611557904,29.938023454051905,-95.25860595703124,10,10,CRITICAL
0,FFT3470,NKS1708,2.2589,281.9,1257.3,1021.08,29.938247680664062,-95.23988611557904,29.9186577231197,-95.27206420898438,7,7,MODERATE
0,UAL2662,UAL723,2.5412,45.7,1173.48,1127.76,29.9146728515625,-95.2752147001379,29.92140430515095,-95.32342529296876,1,1,MODERATE
0,AAL217R,AAL9601,2.9437,289.6,1028.7,1013.46,12.517181396484377,-69.9153347673087,12.504364013671877,-69.91126224912449,373,373,CRITICAL
0,NKS1708,SWA4490,2.9791,198.1,1021.08,1120.14,29.9186577231197,-95.27206420898438,29.9381103515625,-95.24979535271144,10,10,HIGH
0,N453QS,SHH3006,2.9662,655.3,1028.7,1028.7,25.787017822265625,-80.21835327148438,25.76852572166313,-80.18703244767096,274,274,MODERATE
0,FFT1418,UAL2662,2.9423,381.0,1013.46,1173.48,29.937837245100635,-95.24602661132808,29.9146728515625,-95.2752147001379,9,9,MODERATE
0,SWA4490,UAL2245,2.927,76.2,1120.14,1059.18,29.9381103515625,-95.24979535271144,29.905483439817267,-95.26552088120404,9,9,MODERATE
0,NKS1155,NKS272,2.7311,144.8,1036.3200000000002,1074.42,29.90343514135328,-95.28399299172791,29.897003173828125,-95.2521514892578,25,25,HIGH
0,NAC802,NAC810,2.989,15.2,1013.46,1021.08,25.772063691737287,-80.1933547685731,25.777463751324152,-80.21455009028597,178,178,HIGH
0,AAL1465,UAL413,2.9624,129.5,1021.08,1074.42,29.90716552734375,-95.22891117976263,29.900894165039062,-95.25917640099158,37,37,HIGH
0,NKS1155,NKS687,2.3796,213.4,1036.3200000000002,1013.46,29.90343514135328,-95.28399299172791,29.90669379800053,-95.26654411764709,39,39,CRITICAL
0,NKS1846,NKS939,2.9474,350.5,1021.08,1021.08,25.817917645987816,-80.1663035266804,25.829177856445312,-80.15975952148438,89,89,CRITICAL
0,NKS1847,NKS2801,2.847,731.5,1028.7,1021.08,29.891921997070312,-95.24417583759016,29.895675659179688,-95.2488767183744,36,36,CRITICAL
0,ENY3814,FFT3470,2.6738,251.5,1043.94,1257.3,29.91156005859375,-95.27225269990812,29.938247680664062,-95.23988611557904,7,7,MODERATE
0,NKS1708,UAL723,2.7417,53.3,1021.08,1127.76,29.9186577231197,-95.27206420898438,29.92140430515095,-95.32342529296876,24,24,MODERATE
0,N453QS,NAC802,2.9735,251.5,1028.7,1013.46,25.787017822265625,-80.21835327148438,25.772063691737287,-80.1933547685731,117,117,HIGH
0,NKS1708,NKS2801,2.9866,480.1,1021.08,1021.08,29.9186577231197,-95.27206420898438,29.895675659179688,-95.2488767183744,57,57,HIGH
0,ENY3689,NKS939,2.975,342.9,1013.46,1021.08,25.83526611328125,-80.15562813237028,25.829177856445312,-80.15975952148438,149,149,CRITICAL
0,NKS1155,NKS1904,2.9199,144.8,1036.3200000000002,1097.28,29.90343514135328,-95.28399299172791,29.9381103515625,-95.24871826171876,6,6,MODERATE
0,UAL2245,UAL2657,1.665,144.8,1059.18,1028.7,29.905483439817267,-95.26552088120404,29.9154052734375,-95.27386833639709,28,28,CRITICAL
0,NKS1564,UAL1927,2.9498,221.0,1021.08,1036.3200000000002,25.81842041015625,-80.16962687174475,25.81187438964844,-80.17740885416663,100,100,CRITICAL
0,NKS3010,NKS687,2.9693,106.7,1021.08,1013.46,29.896408081054688,-95.25035564716046,29.90669379800053,-95.26654411764709,12,12,HIGH
0,FFT1418,NKS687,2.9686,91.4,1013.46,1013.46,29.937837245100635,-95.24602661132808,29.90669379800053,-95.26654411764709,18,18,MODERATE
0,FFT1737,NKS1562,2.9904,640.1,1013.46,1005.84,28.356830144332623,-81.34358125574448,28.350906372070312,-81.35032653808594,174,174,CRITICAL
0,FFT3470,SWA4490,0.7533,167.6,1257.3,1120.14,29.938247680664062,-95.23988611557904,29.9381103515625,-95.24979535271144,33,33,CRITICAL
0,AAL1613,AAL967,0.0853,998.2,1036.3200000000002,1013.46,25.764816284179688,-80.17410278320312,25.76083374023437,-80.1656595865885,167,167,CRITICAL
0,AAL1856,NAC810,2.9909,38.1,1036.3200000000002,1021.08,25.766510009765625,-80.17868041992188,25.777463751324152,-80.21455009028597,117,117,MODERATE
0,FFT3470,UAL2662,2.9831,167.6,1257.3,1173.48,29.938247680664062,-95.23988611557904,29.9146728515625,-95.2752147001379,7,7,MODERATE
0,NKS1155,NKS3010,1.9438,53.3,1036.3200000000002,1021.08,29.90343514135328,-95.28399299172791,29.896408081054688,-95.25035564716046,10,10,HIGH
0,NKS797,UAL1167,2.9868,61.0,1112.52,1188.72,29.938023454051905,-95.25860595703124,29.89254191770392,-95.24397906135113,5,5,MODERATE
0,AAL1465,UAL2657,1.8363,701.0,1021.08,1028.7,29.90716552734375,-95.22891117976263,29.9154052734375,-95.27386833639709,18,18,MODERATE
0,UAL1167,UAL1457,2.9256,365.8,1188.72,1013.46,29.89254191770392,-95.24397906135113,29.909533484507413,-95.2704754997702,11,11,HIGH
0,NKS272,NKS797,2.9767,350.5,1074.42,1112.52,29.897003173828125,-95.2521514892578,29.938023454051905,-95.25860595703124,22,22,MODERATE
0,ENY3689,NKS1846,2.9606,403.9,1013.46,1021.08,25.83526611328125,-80.15562813237028,25.817917645987816,-80.1663035266804,71,71,HIGH
0,NKS687,SWA4490,2.9502,99.1,1013.46,1120.14,29.90669379800053,-95.26654411764709,29.9381103515625,-95.24979535271144,9,9,MODERATE
0,AAL2541,AAL714,2.9329,83.8,1013.46,1021.08,25.78356209447828,-80.39053862949584,25.778961181640625,-80.39108276367188,52,52,CRITICAL
0,NKS1847,UAL1167,1.4653,38.1,1028.7,1188.72,29.891921997070312,-95.24417583759016,29.89254191770392,-95.24397906135113,41,41,CRITICAL
0,AAL1465,NKS1847,2.9187,312.4,1021.08,1028.7,29.90716552734375,-95.22891117976263,29.891921997070312,-95.24417583759016,31,31,HIGH
0,NKS1904,NKS3010,2.7246,160.0,1097.28,1021.08,29.9381103515625,-95.24871826171876,29.896408081054688,-95.25035564716046,6,6,MODERATE
0,NKS1155,NKS1708,1.9193,45.7,1036.3200000000002,1021.08,29.90343514135328,-95.28399299172791,29.9186577231197,-95.27206420898438,39,39,HIGH
0,AAL1613,NAC802,2.9571,243.8,1036.3200000000002,1013.46,25.764816284179688,-80.17410278320312,25.772063691737287,-80.1933547685731,105,105,HIGH
0,NAC802,SHH3006,2.9348,708.7,1013.46,1028.7,25.772063691737287,-80.1933547685731,25.76852572166313,-80.18703244767096,113,113,CRITICAL
0,AAL165,AAL2733,2.997,160.0,1120.14,1036.3200000000002,25.777130126953125,-80.39769490559894,25.7833293332892,-80.41282221956072,38,38,CRITICAL
0,NKS1847,NKS272,2.3622,716.3,1028.7,1074.42,29.891921997070312,-95.24417583759016,29.897003173828125,-95.2521514892578,41,41,CRITICAL
0,NKS3010,UAL2657,2.4375,685.8,1021.08,1028.7,29.896408081054688,-95.25035564716046,29.9154052734375,-95.27386833639709,12,12,HIGH
0,FFT3470,UAL2657,2.432,175.3,1257.3,1028.7,29.938247680664062,-95.23988611557904,29.9154052734375,-95.27386833639709,14,14,MODERATE
0,NKS1847,NKS3010,0.7269,198.1,1028.7,1021.08,29.891921997070312,-95.24417583759016,29.896408081054688,-95.25035564716046,12,12,CRITICAL
0,NKS3010,NKS797,2.9364,144.8,1021.08,1112.52,29.896408081054688,-95.25035564716046,29.938023454051905,-95.25860595703124,10,10,MODERATE
0,NKS2801,UAL2245,0.998,274.3,1021.08,1059.18,29.895675659179688,-95.2488767183744,29.905483439817267,-95.26552088120404,11,11,HIGH
0,NKS1564,NKS939,2.939,167.6,1021.08,1021.08,25.81842041015625,-80.16962687174475,25.829177856445312,-80.15975952148438,107,107,CRITICAL
0,AAL1511,AJT8313,2.9877,472.4,1013.46,1028.7,25.76527404785156,-80.17466227213538,25.78266906738281,-80.21072387695312,80,80,MODERATE
0,NKS939,UAL1927,2.9486,15.2,1021.08,1036.3200000000002,25.829177856445312,-80.15975952148438,25.81187438964844,-80.17740885416663,161,161,HIGH
0,NAC802,TXG403,2.9898,358.1,1013.46,1013.46,25.772063691737287,-80.1933547685731,25.761310124801376,-80.16671810510024,103,103,HIGH
0,NKS1904,UAL413,2.6767,91.4,1097.28,1074.42,29.9381103515625,-95.24871826171876,29.900894165039062,-95.25917640099158,6,6,MODERATE
0,NKS1846,UAL1927,2.9076,266.7,1021.08,1036.3200000000002,25.817917645987816,-80.1663035266804,25.81187438964844,-80.17740885416663,82,82,CRITICAL
0,ENY3814,NKS1847,1.0469,121.9,1043.94,1028.7,29.91156005859375,-95.27225269990812,29.891921997070312,-95.24417583759016,25,25,HIGH
0,NKS1904,NKS2801,2.797,144.8,1097.28,1021.08,29.9381103515625,-95.24871826171876,29.895675659179688,-95.2488767183744,6,6,MODERATE
0,AJT8313,N453QS,2.9893,327.7,1028.7,1028.7,25.78266906738281,-80.21072387695312,25.787017822265625,-80.21835327148438,236,236,CRITICAL
0,NKS1904,NKS797,2.262,228.6,1097.28,1112.52,29.9381103515625,-95.24871826171876,29.938023454051905,-95.25860595703124,7,7,CRITICAL
0,FFT1418,UAL2245,2.9443,221.0,1013.46,1059.18,29.937837245100635,-95.24602661132808,29.905483439817267,-95.26552088120404,11,11,MODERATE
0,AAL967,NAC802,2.9502,563.9,1013.46,1013.46,25.76083374023437,-80.1656595865885,25.772063691737287,-80.1933547685731,103,103,HIGH
0,AAL1856,AAL967,0.5134,998.2,1036.3200000000002,1013.46,25.766510009765625,-80.17868041992188,25.76083374023437,-80.1656595865885,144,144,CRITICAL
0,NKS1847,NKS687,2.5917,121.9,1028.7,1013.46,29.891921997070312,-95.24417583759016,29.90669379800053,-95.26654411764709,20,20,HIGH
0,AAL324,UAL496T,2.9642,693.4,1028.7,1021.08,29.94407524496821,-95.40444946289062,29.95468139648437,-95.40699678308825,32,32,CRITICAL
0,UAL1167,UAL413,2.6386,883.9,1188.72,1074.42,29.89254191770392,-95.24397906135113,29.900894165039062,-95.25917640099158,47,47,CRITICAL
0,ENY3814,UAL723,2.2444,45.7,1043.94,1127.76,29.91156005859375,-95.27225269990812,29.92140430515095,-95.32342529296876,15,15,MODERATE
0,SWA4490,UAL2657,2.9931,22.9,1120.14,1028.7,29.9381103515625,-95.24979535271144,29.9154052734375,-95.27386833639709,13,13,HIGH
0,FFT1418,SWA4490,1.1783,152.4,1013.46,1120.14,29.937837245100635,-95.24602661132808,29.9381103515625,-95.24979535271144,10,10,CRITICAL
0,NKS272,UAL2662,2.7763,205.7,1074.42,1173.48,29.897003173828125,-95.2521514892578,29.9146728515625,-95.2752147001379,100,100,HIGH
0,NKS1847,UAL2657,2.8316,495.3,1028.7,1028.7,29.891921997070312,-95.24417583759016,29.9154052734375,-95.27386833639709,18,18,MODERATE
0,FFT3470,UAL2245,2.7233,182.9,1257.3,1059.18,29.938247680664062,-95.23988611557904,29.905483439817267,-95.26552088120404,7,7,MODERATE
0,ENY3814,NKS797,2.8663,190.5,1043.94,1112.52,29.91156005859375,-95.27225269990812,29.938023454051905,-95.25860595703124,15,15,HIGH
0,NKS2801,UAL2662,2.6348,998.2,1021.08,1173.48,29.895675659179688,-95.2488767183744,29.9146728515625,-95.2752147001379,72,72,HIGH
0,FFT1418,NKS1904,1.6292,312.4,1013.46,1097.28,29.937837245100635,-95.24602661132808,29.9381103515625,-95.24871826171876,7,7,CRITICAL
0,AAL967,AJT8313,2.9991,213.4,1013.46,1028.7,25.76083374023437,-80.1656595865885,25.78266906738281,-80.21072387695312,39,39,MODERATE
0,AAL1465,UAL1457,2.9754,38.1,1021.08,1013.46,29.90716552734375,-95.22891117976263,29.909533484507413,-95.2704754997702,59,59,MODERATE
0,AAL1511,UAL1927,2.9672,30.5,1013.46,1036.3200000000002,25.76527404785156,-80.17466227213538,25.81187438964844,-80.17740885416663,3,3,MODERATE
0,NKS2801,NKS3010,1.8228,7.6,1021.08,1021.08,29.895675659179688,-95.2488767183744,29.896408081054688,-95.25035564716046,12,12,CRITICAL
0,NKS687,UAL2657,2.9122,556.3,1013.46,1028.7,29.90669379800053,-95.26654411764709,29.9154052734375,-95.27386833639709,13,13,CRITICAL
0,SHH3006,UAL1795,2.9476,45.7,1028.7,1028.7,25.76852572166313,-80.18703244767096,25.81074860136388,-80.18143563900355,8,8,MODERATE
0,FFT2284,NKS271,2.9673,182.9,1028.7,1028.7,25.7760206319518,-80.39675730579302,25.78463279594809,-80.38178066037733,48,48,CRITICAL
0,ENY3814,NKS1904,2.3916,121.9,1043.94,1097.28,29.91156005859375,-95.27225269990812,29.9381103515625,-95.24871826171876,6,6,MODERATE
0,AAL1856,AJT8313,2.932,746.8,1036.3200000000002,1028.7,25.766510009765625,-80.17868041992188,25.78266906738281,-80.21072387695312,378,378,HIGH
0,FFT1418,UAL1167,2.946,144.8,1013.46,1188.72,29.937837245100635,-95.24602661132808,29.89254191770392,-95.24397906135113,5,5,MODERATE
0,AJT8313,SHH3006,0.9524,998.2,1028.7,1028.7,25.78266906738281,-80.21072387695312,25.76852572166313,-80.18703244767096,260,260,HIGH
0,AAL1465,NKS272,2.9403,22.9,1021.08,1074.42,29.90716552734375,-95.22891117976263,29.897003173828125,-95.2521514892578,45,45,HIGH
0,NKS2801,UAL2657,2.8255,746.8,1021.08,1028.7,29.895675659179688,-95.2488767183744,29.9154052734375,-95.27386833639709,16,16,HIGH
0,NKS1847,UAL2245,2.7871,525.8,1028.7,1059.18,29.891921997070312,-95.24417583759016,29.905483439817267,-95.26552088120404,13,13,HIGH
0,AAL2733,AAL714,2.9744,129.5,1036.3200000000002,1021.08,25.7833293332892,-80.41282221956072,25.778961181640625,-80.39108276367188,43,43,HIGH
0,AAL165,NKS271,2.9973,228.6,1120.14,1028.7,25.777130126953125,-80.39769490559894,25.78463279594809,-80.38178066037733,41,41,CRITICAL
0,NKS3010,UAL1167,2.7451,182.9,1021.08,1188.72,29.896408081054688,-95.25035564716046,29.89254191770392,-95.24397906135113,14,14,CRITICAL
0,NKS2801,UAL1848,2.415,434.3,1021.08,1424.94,29.895675659179688,-95.2488767183744,29.897781372070312,-95.20730825570912,3,3,MODERATE
0,UAL2245,UAL413,1.2382,243.8,1059.18,1074.42,29.905483439817267,-95.26552088120404,29.900894165039062,-95.25917640099158,11,11,CRITICAL
0,AAL1465,FFT1418,2.9933,76.2,1021.08,1013.46,29.90716552734375,-95.22891117976263,29.937837245100635,-95.24602661132808,40,40,MODERATE
0,AJT8313,UAL1927,2.9892,30.5,1028.7,1036.3200000000002,25.78266906738281,-80.21072387695312,25.81187438964844,-80.17740885416663,9,9,MODERATE
0,NKS272,UAL2657,2.941,762.0,1074.42,1028.7,29.897003173828125,-95.2521514892578,29.9154052734375,-95.27386833639709,16,16,HIGH
0,FFT2284,FFT3378,0.3997,990.6,1028.7,1028.7,25.7760206319518,-80.39675730579302,25.779744810977224,-80.39623908276826,136,136,CRITICAL
0,AAL1028,AAL9601,2.95,182.9,1005.84,1013.46,12.494430541992188,-69.9280258704876,12.504364013671877,-69.91126224912449,170,170,HIGH
0,NKS797,UAL1457,2.9927,304.8,1112.52,1013.46,29.938023454051905,-95.25860595703124,29.909533484507413,-95.2704754997702,36,36,HIGH
0,NKS2801,UAL1457,0.8118,990.6,1021.08,1013.46,29.895675659179688,-95.2488767183744,29.909533484507413,-95.2704754997702,261,261,HIGH
0,AAL2541,AAL2733,2.971,38.1,1013.46,1036.3200000000002,25.78356209447828,-80.39053862949584,25.7833293332892,-80.41282221956072,327,327,HIGH
0,AAL1465,UAL1848,1.4764,434.3,1021.08,1424.94,29.90716552734375,-95.22891117976263,29.897781372070312,-95.20730825570912,3,3,HIGH
0,NKS272,SWA4490,2.9695,121.9,1074.42,1120.14,29.897003173828125,-95.2521514892578,29.9381103515625,-95.24979535271144,7,7,MODERATE
0,UAL2657,UAL723,2.6039,99.1,1028.7,1127.76,29.9154052734375,-95.27386833639709,29.92140430515095,-95.32342529296876,1,1,MODERATE
0,NKS2801,SWA4490,2.9565,152.4,1021.08,1120.14,29.895675659179688,-95.2488767183744,29.9381103515625,-95.24979535271144,6,6,MODERATE
0,AAL1465,FFT3470,2.6641,624.8,1021.08,1257.3,29.90716552734375,-95.22891117976263,29.938247680664062,-95.23988611557904,12,12,HIGH
0,NKS1847,UAL1848,2.2255,434.3,1028.7,1424.94,29.891921997070312,-95.24417583759016,29.897781372070312,-95.20730825570912,3,3,HIGH
0,NKS1155,NKS1847,2.5349,68.6,1036.3200000000002,1028.7,29.90343514135328,-95.28399299172791,29.891921997070312,-95.24417583759016,10,10,MODERATE
0,ENY4071,NKS939,2.9833,61.0,1028.7,1021.08,25.83858683957892,-80.158943763146,25.829177856445312,-80.15975952148438,195,195,CRITICAL
0,NKS1904,UAL1167,2.9352,22.9,1097.28,1188.72,29.9381103515625,-95.24871826171876,29.89254191770392,-95.24397906135113,5,5,MODERATE
0,NAC802,UAL1795,2.9908,15.2,1013.46,1028.7,25.772063691737287,-80.1933547685731,25.81074860136388,-80.18143563900355,11,11,MODERATE
0,AAL1511,TXG403,1.6653,68.6,1013.46,1013.46,25.76527404785156,-80.17466227213538,25.761310124801376,-80.16671810510024,212,212,CRITICAL
0,AAL165,FFT3378,2.9891,396.2,1120.14,1028.7,25.777130126953125,-80.39769490559894,25.779744810977224,-80.39623908276826,171,171,CRITICAL
0,UAL1457,UAL2662,2.9782,289.6,1013.46,1173.48,29.909533484507413,-95.2704754997702,29.9146728515625,-95.2752147001379,57,57,CRITICAL
0,NKS1708,UAL1457,2.9819,99.1,1021.08,1013.46,29.9186577231197,-95.27206420898438,29.909533484507413,-95.2704754997702,79,79,CRITICAL
0,AAL1028,CMP349,2.931,7.6,1005.84,1021.08,12.494430541992188,-69.9280258704876,12.489349365234377,-69.9644891146956,27,27,MODERATE
0,AAL1028,AAL217R,2.984,350.5,1005.84,1028.7,12.494430541992188,-69.9280258704876,12.517181396484377,-69.9153347673087,165,165,HIGH
0,AJT8313,NAC802,2.9498,114.3,1028.7,1013.46,25.78266906738281,-80.21072387695312,25.772063691737287,-80.1933547685731,118,118,HIGH
0,NKS1155,SWA4490,2.8087,99.1,1036.3200000000002,1120.14,29.90343514135328,-95.28399299172791,29.9381103515625,-95.24979535271144,5,5,MODERATE
0,NKS272,UAL1457,2.3346,175.3,1074.42,1013.46,29.897003173828125,-95.2521514892578,29.909533484507413,-95.2704754997702,25,25,HIGH
0,NKS1171,NKS210,1.8219,990.6,1021.08,1013.46,26.063666909427965,-80.27514531062201,26.074859619140625,-80.24180862138854,211,211,HIGH
0,NKS687,UAL2662,2.9646,342.9,1013.46,1173.48,29.90669379800053,-95.26654411764709,29.9146728515625,-95.2752147001379,67,67,CRITICAL
0,N453QS,UAL1795,2.9765,61.0,1028.7,1028.7,25.787017822265625,-80.21835327148438,25.81074860136388,-80.18143563900355,13,13,MODERATE
0,UAL2657,UAL2662,2.8251,365.8,1028.7,1173.48,29.9154052734375,-95.27386833639709,29.9146728515625,-95.2752147001379,16,16,CRITICAL
0,AAL714,FFT3378,2.9417,640.1,1021.08,1028.7,25.778961181640625,-80.39108276367188,25.779744810977224,-80.39623908276826,226,226,CRITICAL
0,NKS1847,NKS797,2.9027,99.1,1028.7,1112.52,29.891921997070312,-95.24417583759016,29.938023454051905,-95.25860595703124,4,4,MODERATE
0,AAL2541,FFT3378,2.9575,91.4,1013.46,1028.7,25.78356209447828,-80.39053862949584,25.779744810977224,-80.39623908276826,52,52,CRITICAL
0,ENY3689,UAL1927,2.9828,784.9,1013.46,1036.3200000000002,25.83526611328125,-80.15562813237028,25.81187438964844,-80.17740885416663,267,267,HIGH
0,NKS1155,NKS797,2.8036,228.6,1036.3200000000002,1112.52,29.90343514135328,-95.28399299172791,29.938023454051905,-95.25860595703124,71,71,MODERATE
0,NKS1708,UAL2245,2.6332,274.3,1021.08,1059.18,29.9186577231197,-95.27206420898438,29.905483439817267,-95.26552088120404,11,11,CRITICAL
0,FFT3470,UAL1167,2.995,99.1,1257.3,1188.72,29.938247680664062,-95.23988611557904,29.89254191770392,-95.24397906135113,5,5,MODERATE
0,UAL1167,UAL2662,1.8308,579.1,1188.72,1173.48,29.89254191770392,-95.24397906135113,29.9146728515625,-95.2752147001379,41,41,MODERATE
0,NKS1155,NKS2801,2.9192,259.1,1036.3200000000002,1021.08,29.90343514135328,-95.28399299172791,29.895675659179688,-95.2488767183744,39,39,HIGH
0,FFT1418,UAL413,2.9785,45.7,1013.46,1074.42,29.937837245100635,-95.24602661132808,29.900894165039062,-95.25917640099158,14,14,MODERATE
0,NKS797,UAL2245,2.9158,99.1,1112.52,1059.18,29.938023454051905,-95.25860595703124,29.905483439817267,-95.26552088120404,9,9,HIGH
0,NKS1708,NKS1847,2.7455,106.7,1021.08,1028.7,29.9186577231197,-95.27206420898438,29.891921997070312,-95.24417583759016,10,10,MODERATE
0,FFT4879,NKS1210,2.6558,99.1,1013.46,1021.08,18.52820962162341,-66.00311279296875,18.544549457097457,-66.01834383877838,126,126,HIGH
0,UAL1020,UAL496T,1.3291,114.3,1043.94,1021.08,29.968963623046875,-95.4184139476103,29.95468139648437,-95.40699678308825,50,50,HIGH
0,UAL1167,UAL2657,2.8189,190.5,1188.72,1028.7,29.89254191770392,-95.24397906135113,29.9154052734375,-95.27386833639709,18,18,MODERATE
0,NKS1708,UAL413,2.594,106.7,1021.08,1074.42,29.9186577231197,-95.27206420898438,29.900894165039062,-95.25917640099158,26,26,HIGH
0,FFT3470,NKS1904,1.1589,68.6,1257.3,1097.28,29.938247680664062,-95.23988611557904,29.9381103515625,-95.24871826171876,7,7,CRITICAL
0,AAL165,AAL714,2.8956,670.6,1120.14,1021.08,25.777130126953125,-80.39769490559894,25.778961181640625,-80.39108276367188,166,166,CRITICAL
0,AAL1511,AAL967,0.7248,998.2,1013.46,1013.46,25.76527404785156,-80.17466227213538,25.76083374023437,-80.1656595865885,171,171,CRITICAL
0,UAL1457,UAL413,2.5365,251.5,1013.46,1074.42,29.909533484507413,-95.2704754997702,29.900894165039062,-95.25917640099158,35,35,CRITICAL
0,NKS210,NKS956,2.9888,868.7,1013.46,1021.08,26.074859619140625,-80.24180862138854,26.064132431806144,-80.26759221003607,298,298,HIGH
0,NKS1847,NKS1904,2.8603,137.2,1028.7,1097.28,29.891921997070312,-95.24417583759016,29.9381103515625,-95.24871826171876,4,4,MODERATE
0,NKS3010,UAL2245,2.7474,480.1,1021.08,1059.18,29.896408081054688,-95.25035564716046,29.905483439817267,-95.26552088120404,13,13,CRITICAL
0,NKS272,UAL2245,1.1103,259.1,1074.42,1059.18,29.897003173828125,-95.2521514892578,29.905483439817267,-95.26552088120404,11,11,CRITICAL
0,AJT8313,TXG403,0.8666,998.2,1028.7,1013.46,25.78266906738281,-80.21072387695312,25.761310124801376,-80.16671810510024,237,237,MODERATE
0,NKS272,NKS687,2.7497,236.2,1074.42,1013.46,29.897003173828125,-95.2521514892578,29.90669379800053,-95.26654411764709,27,27,CRITICAL
0,N453QS,UAL1927,2.9802,15.2,1028.7,1036.3200000000002,25.787017822265625,-80.21835327148438,25.81187438964844,-80.17740885416663,8,8,MODERATE
0,NKS1904,UAL1457,2.3918,152.4,1097.28,1013.46,29.9381103515625,-95.24871826171876,29.909533484507413,-95.2704754997702,6,6,MODERATE
0,NKS2801,UAL1167,2.4522,944.9,1021.08,1188.72,29.895675659179688,-95.2488767183744,29.89254191770392,-95.24397906135113,39,39,CRITICAL
0,NKS1708,NKS687,2.3822,91.4,1021.08,1013.46,29.9186577231197,-95.27206420898438,29.90669379800053,-95.26654411764709,200,200,CRITICAL
0,UAL1795,UAL1927,2.9197,83.8,1028.7,1036.3200000000002,25.81074860136388,-80.18143563900355,25.81187438964844,-80.17740885416663,199,199,CRITICAL
0,AAL1613,UAL1795,2.9837,22.9,1036.3200000000002,1028.7,25.764816284179688,-80.17410278320312,25.81074860136388,-80.18143563900355,4,4,MODERATE
0,NKS1846,UAL1795,2.9694,403.9,1021.08,1028.7,25.817917645987816,-80.1663035266804,25.81074860136388,-80.18143563900355,83,83,CRITICAL
0,ENY3814,UAL413,2.9824,457.2,1043.94,1074.42,29.91156005859375,-95.27225269990812,29.900894165039062,-95.25917640099158,16,16,CRITICAL
0,AAL2733,FFT3378,2.9915,38.1,1036.3200000000002,1028.7,25.7833293332892,-80.41282221956072,25.779744810977224,-80.39623908276826,46,46,CRITICAL
0,NKS1904,UAL2245,2.48,68.6,1097.28,1059.18,29.9381103515625,-95.24871826171876,29.905483439817267,-95.26552088120404,6,6,MODERATE
0,ENY3814,NKS687,1.0469,83.8,1043.94,1013.46,29.91156005859375,-95.27225269990812,29.90669379800053,-95.26654411764709,15,15,CRITICAL
0,SWA4490,UAL413,2.9815,99.1,1120.14,1074.42,29.9381103515625,-95.24979535271144,29.900894165039062,-95.25917640099158,8,8,MODERATE
0,NKS1904,NKS687,2.4253,121.9,1097.28,1013.46,29.9381103515625,-95.24871826171876,29.90669379800053,-95.26654411764709,6,6,MODERATE
0,NAC810,SHH3006,2.9924,762.0,1021.08,1028.7,25.777463751324152,-80.21455009028597,25.76852572166313,-80.18703244767096,127,127,HIGH
0,AAL1613,NAC810,2.9546,175.3,1036.3200000000002,1021.08,25.764816284179688,-80.17410278320312,25.777463751324152,-80.21455009028597,95,95,MODERATE
0,AAL1613,UAL1927,2.9853,0.0,1036.3200000000002,1036.3200000000002,25.764816284179688,-80.17410278320312,25.81187438964844,-80.17740885416663,3,3,MODERATE
0,NKS1847,UAL1457,2.9291,213.4,1028.7,1013.46,29.891921997070312,-95.24417583759016,29.909533484507413,-95.2704754997702,20,20,HIGH
0,NKS272,NKS2801,2.8712,640.1,1074.42,1021.08,29.897003173828125,-95.2521514892578,29.895675659179688,-95.2488767183744,53,53,CRITICAL
0,AAL1465,ENY3814,2.9942,411.5,1021.08,1043.94,29.90716552734375,-95.22891117976263,29.91156005859375,-95.27225269990812,18,18,MODERATE
0,AJT8313,NAC810,2.9605,114.3,1028.7,1021.08,25.78266906738281,-80.21072387695312,25.777463751324152,-80.21455009028597,149,149,CRITICAL
0,AAL1465,NKS3010,2.1385,45.7,1021.08,1021.08,29.90716552734375,-95.22891117976263,29.896408081054688,-95.25035564716046,12,12,HIGH
0,AAL1511,SHH3006,2.9191,91.4,1013.46,1028.7,25.76527404785156,-80.17466227213538,25.76852572166313,-80.18703244767096,212,212,CRITICAL
0,SHH3006,UAL1927,2.9546,0.0,1028.7,1036.3200000000002,25.76852572166313,-80.18703244767096,25.81187438964844,-80.17740885416663,6,6,MODERATE
0,NKS1847,UAL2662,2.3951,449.6,1028.7,1173.48,29.891921997070312,-95.24417583759016,29.9146728515625,-95.2752147001379,40,40,MODERATE
0,AAL2733,FFT2284,2.9533,99.1,1036.3200000000002,1028.7,25.7833293332892,-80.41282221956072,25.7760206319518,-80.39675730579302,41,41,CRITICAL
0,AAL1026,AAL972,2.9752,617.2,1379.22,1112.52,18.34181446140096,-69.7335205078125,18.343963623046875,-69.7296360560826,77,77,CRITICAL
0,AAL1511,AAL1613,1.38,7.6,1013.46,1036.3200000000002,25.76527404785156,-80.17466227213538,25.764816284179688,-80.17410278320312,212,212,CRITICAL
0,NKS956,UAL2162,1.8633,998.2,1021.08,1036.3200000000002,26.064132431806144,-80.26759221003607,26.07195320775953,-80.23827772874097,118,118,HIGH
0,NKS1708,NKS1904,1.915,152.4,1021.08,1097.28,29.9186577231197,-95.27206420898438,29.9381103515625,-95.24871826171876,6,6,HIGH
0,AAL1613,AAL1856,2.9126,213.4,1036.3200000000002,1036.3200000000002,25.764816284179688,-80.17410278320312,25.766510009765625,-80.17868041992188,351,351,CRITICAL
0,FFT3470,NKS2801,2.9574,266.7,1257.3,1021.08,29.938247680664062,-95.23988611557904,29.895675659179688,-95.2488767183744,7,7,MODERATE
0,AAL165,FFT2284,1.5685,998.2,1120.14,1028.7,25.777130126953125,-80.39769490559894,25.7760206319518,-80.39675730579302,106,106,CRITICAL
0,AAL1613,N453QS,2.978,38.1,1036.3200000000002,1028.7,25.764816284179688,-80.17410278320312,25.787017822265625,-80.21835327148438,73,73,MODERATE
0,FFT3470,NKS3010,2.8927,289.6,1257.3,1021.08,29.938247680664062,-95.23988611557904,29.896408081054688,-95.25035564716046,7,7,MODERATE
0,NKS272,UAL1848,2.5415,381.0,1074.42,1424.94,29.897003173828125,-95.2521514892578,29.897781372070312,-95.20730825570912,3,3,MODERATE
0,NKS1564,NKS1846,2.953,602.0,1021.08,1021.08,25.81842041015625,-80.16962687174475,25.817917645987816,-80.1663035266804,445,445,CRITICAL
0,NKS2012,UAL1956,2.9798,922.0,1021.08,1028.7,26.125348624536542,-80.05605257474457,26.10737946073888,-80.06371131310095,483,483,HIGH
0,UAL2662,UAL413,1.9167,167.6,1173.48,1074.42,29.9146728515625,-95.2752147001379,29.900894165039062,-95.25917640099158,38,38,HIGH
0,ENY4071,UAL1927,2.9773,91.4,1028.7,1036.3200000000002,25.83858683957892,-80.158943763146,25.81187438964844,-80.17740885416663,52,52,HIGH
0,AAL967,SHH3006,0.8047,990.6,1013.46,1028.7,25.76083374023437,-80.1656595865885,25.76852572166313,-80.18703244767096,185,185,HIGH
0,NKS687,UAL413,2.3715,396.2,1013.46,1074.42,29.90669379800053,-95.26654411764709,29.900894165039062,-95.25917640099158,35,35,CRITICAL
0,FFT1418,UAL2657,2.518,617.2,1013.46,1028.7,29.937837245100635,-95.24602661132808,29.9154052734375,-95.27386833639709,13,13,HIGH
0,ENY4071,NKS1846,2.959,160.0,1028.7,1021.08,25.83858683957892,-80.158943763146,25.817917645987816,-80.1663035266804,59,59,HIGH
0,AAL1613,AJT8313,2.8044,754.4,1036.3200000000002,1028.7,25.764816284179688,-80.17410278320312,25.78266906738281,-80.21072387695312,359,359,MODERATE
0,UAL2245,UAL2662,0.9274,160.0,1059.18,1173.48,29.905483439817267,-95.26552088120404,29.9146728515625,-95.2752147001379,11,11,CRITICAL
0,NAC810,UAL1795,2.982,30.5,1021.08,1028.7,25.777463751324152,-80.21455009028597,25.81074860136388,-80.18143563900355,9,9,MODERATE
0,NKS2801,UAL413,2.6488,274.3,1021.08,1074.42,29.895675659179688,-95.2488767183744,29.900894165039062,-95.25917640099158,38,38,CRITICAL
0,UAL1457,UAL2245,2.2196,228.6,1013.46,1059.18,29.909533484507413,-95.2704754997702,29.905483439817267,-95.26552088120404,11,11,CRITICAL
0,AAL1465,NKS1155,2.9177,289.6,1021.08,1036.3200000000002,29.90716552734375,-95.22891117976263,29.90343514135328,-95.28399299172791,67,67,MODERATE
0,FFT1418,NKS1708,2.9881,0.0,1013.46,1021.08,29.937837245100635,-95.24602661132808,29.9186577231197,-95.27206420898438,82,82,HIGH
0,FFT3470,NKS687,2.7091,236.2,1257.3,1013.46,29.938247680664062,-95.23988611557904,29.90669379800053,-95.26654411764709,7,7,MODERATE
0,AAL1511,UAL1795,2.9653,7.6,1013.46,1028.7,25.76527404785156,-80.17466227213538,25.81074860136388,-80.18143563900355,4,4,MODERATE
0,NKS797,SWA4490,1.8401,68.6,1112.52,1120.14,29.938023454051905,-95.25860595703124,29.9381103515625,-95.24979535271144,10,10,CRITICAL
0,NAC802,UAL1927,2.9733,53.3,1013.46,1036.3200000000002,25.772063691737287,-80.1933547685731,25.81187438964844,-80.17740885416663,8,8,MODERATE
0,NKS1904,SWA4490,0.9851,190.5,1097.28,1120.14,29.9381103515625,-95.24871826171876,29.9381103515625,-95.24979535271144,7,7,CRITICAL
0,NKS1155,UAL1167,2.5228,190.5,1036.3200000000002,1188.72,29.90343514135328,-95.28399299172791,29.89254191770392,-95.24397906135113,10,10,MODERATE
0,NKS1155,UAL2662,2.9878,175.3,1036.3200000000002,1173.48,29.90343514135328,-95.28399299172791,29.9146728515625,-95.2752147001379,35,35,CRITICAL
0,AAL1465,NKS1904,2.1158,335.3,1021.08,1097.28,29.90716552734375,-95.22891117976263,29.9381103515625,-95.24871826171876,7,7,MODERATE
0,NKS1155,UAL2657,2.9469,487.7,1036.3200000000002,1028.7,29.90343514135328,-95.28399299172791,29.9154052734375,-95.27386833639709,4,4,CRITICAL
0,AAL967,TXG403,0.3163,998.2,1013.46,1013.46,25.76083374023437,-80.1656595865885,25.761310124801376,-80.16671810510024,175,175,CRITICAL
0,NKS939,UAL1795,2.9506,175.3,1021.08,1028.7,25.829177856445312,-80.15975952148438,25.81074860136388,-80.18143563900355,118,118,HIGH
0,ENY3814,FFT1418,2.8511,0.0,1043.94,1013.46,29.91156005859375,-95.27225269990812,29.937837245100635,-95.24602661132808,12,12,MODERATE
0,AAL1511,NAC810,2.9467,236.2,1013.46,1021.08,25.76527404785156,-80.17466227213538,25.777463751324152,-80.21455009028597,73,73,MODERATE
0,FFT3470,UAL1848,2.9626,167.6,1257.3,1424.94,29.938247680664062,-95.23988611557904,29.897781372070312,-95.20730825570912,1,1,MODERATE
0,NKS3010,UAL1457,2.8142,45.7,1021.08,1013.46,29.896408081054688,-95.25035564716046,29.909533484507413,-95.2704754997702,11,11,HIGH
0,FFT1418,NKS1847,2.8681,7.6,1013.46,1028.7,29.937837245100635,-95.24602661132808,29.891921997070312,-95.24417583759016,4,4,MODERATE
0,AAL1856,NAC802,2.9899,68.6,1036.3200000000002,1013.46,25.766510009765625,-80.17868041992188,25.772063691737287,-80.1933547685731,111,111,CRITICAL
0,NKS1171,UAL2162,2.7842,998.2,1021.08,1036.3200000000002,26.063666909427965,-80.27514531062201,26.07195320775953,-80.23827772874097,109,109,MODERATE
0,NKS1904,NKS272,2.7095,114.3,1097.28,1074.42,29.9381103515625,-95.24871826171876,29.897003173828125,-95.2521514892578,6,6,MODERATE
0,FFT1418,NKS797,2.9793,632.5,1013.46,1112.52,29.937837245100635,-95.24602661132808,29.938023454051905,-95.25860595703124,99,99,CRITICAL
0,ENY4071,NKS1564,2.9565,83.8,1028.7,1021.08,25.83858683957892,-80.158943763146,25.81842041015625,-80.16962687174475,73,73,HIGH
1,UAL1848,UAL2657,1.6016,45.7,1470.66,1447.8000000000002,29.896591962394066,-95.20148782169116,29.91156005859375,-95.23137709673712,2,3,HIGH
1,UAL1848,UAL2662,2.465,7.6,1470.66,1310.64,29.896591962394066,-95.20148782169116,29.897383350436968,-95.25130328010113,2,3,MODERATE
3,NKS687,UAL723,2.0813,152.4,1074.42,1150.62,29.90414428710937,-95.26287372295673,29.918975830078125,-95.31722124885113,22,25,MODERATE
7,UAL413,UAL723,1.9429,541.0,1135.38,1173.48,29.89296088784428,-95.2459716796875,29.90981279793432,-95.2987491383272,29,36,MODERATE
8,UAL1848,UAL2657,2.9875,129.5,1889.76,1760.22,29.88642883300781,-95.15200688288763,29.908493041992188,-95.20345247708832,1,9,MODERATE
8,NKS272,UAL723,2.9741,53.3,1120.14,1173.48,29.89082336425781,-95.24274972768929,29.908416230799787,-95.29616411994483,1,9,MODERATE
10,NKS797,UAL723,2.8827,137.2,1242.0600000000002,1173.48,29.93463134765625,-95.2447868795956,29.904319633871825,-95.28873219209558,4,14,MODERATE
10,UAL1848,UAL2657,2.9125,114.3,1912.62,1783.0800000000002,29.885787963867188,-95.14889056865984,29.90785217285156,-95.20007206843452,2,12,MODERATE
10,NKS2801,UAL723,2.8189,426.7,1112.52,1173.48,29.887481689453125,-95.23656991811896,29.904319633871825,-95.28873219209558,25,35,MODERATE
10,NKS272,UAL723,1.9994,388.6,1127.76,1173.48,29.88821255958686,-95.23886287913604,29.904319633871825,-95.28873219209558,26,36,MODERATE
11,UAL1848,UAL2245,1.7054,304.8,1920.24,1851.66,29.885467529296875,-95.14730600210332,29.889816284179688,-95.16706026517429,16,27,HIGH
11,UAL2662,UAL723,2.0861,15.2,1546.86,1173.48,29.884115962658896,-95.23293887867646,29.90130615234375,-95.28336745042066,24,35,MODERATE
12,FFT3470,UAL2245,2.9574,61.0,1920.24,1859.28,29.93872173761917,-95.17225341796876,29.88979533567267,-95.16567454618564,1,13,MODERATE
12,NKS3010,UAL1848,2.8693,502.9,1379.22,1958.34,29.84408103813559,-95.16799029181983,29.884395276085804,-95.14187083524814,2,14,MODERATE
13,UAL1848,UAL2657,1.8713,160.0,1973.58,1874.52,29.88402285818326,-95.14014748965992,29.90464782714844,-95.1842264028696,14,27,MODERATE
14,NKS797,UAL2657,2.9577,480.1,1402.0800000000002,1889.76,29.9309475139036,-95.23020629882812,29.90436618610964,-95.18236945657168,2,16,MODERATE
14,NKS797,UAL2662,2.9869,129.5,1402.0800000000002,1531.62,29.9309475139036,-95.23020629882812,29.88121032714844,-95.22901681753302,1,15,MODERATE
15,ENY3814,NKS3010,2.8789,106.7,1607.8200000000002,1584.96,29.85777282714844,-95.18987802358774,29.834305068193853,-95.1519416360294,7,22,MODERATE
17,NKS3010,UAL1167,2.8882,160.0,1615.44,1760.22,29.832733154296875,-95.14936593862676,29.8612060546875,-95.19515991210938,2,19,MODERATE
18,AAL1465,UAL723,2.9415,38.1,1264.92,1173.48,29.899703979492188,-95.20440321702222,29.887700484970868,-95.2594891716452,13,31,MODERATE
19,UAL1167,UAL723,1.5504,228.6,1798.3200000000002,1165.86,29.85951232910156,-95.19241333007812,29.87880900754767,-95.2439790613511,17,36,MODERATE
19,NKS1847,UAL723,2.3176,320.0,1485.9,1165.86,29.864913940429688,-95.20244891826924,29.87880900754767,-95.2439790613511,1,20,MODERATE
19,ENY3814,UAL413,2.9779,594.4,1684.02,1158.24,29.852181127515887,-95.18080767463238,29.881415932865465,-95.2265301872702,5,24,MODERATE
21,NKS1847,UAL723,1.0673,68.6,1630.68,1165.86,29.85585021972656,-95.18765963040865,29.87530517578125,-95.2378903902494,15,36,MODERATE
22,ENY3814,NKS272,2.4333,640.1,1744.98,1143.0,29.847381591796875,-95.17318725585938,29.875457246424787,-95.21925982306988,3,25,MODERATE
24,ENY3814,UAL723,2.5053,495.3,1783.0800000000002,1287.78,29.84403448589777,-95.1679364372702,29.860700187036542,-95.21204331341912,1,25,MODERATE
25,ENY3814,NKS3010,0.0707,350.5,2171.7000000000003,1988.82,29.8236911579714,-95.12819177964154,29.82229459083686,-95.1126816693474,8,33,CRITICAL
25,FFT3470,UAL2657,2.9657,662.9,3101.34,2438.4,29.93714904785156,-95.05257999195771,29.906982421875,-95.09770906888522,1,26,MODERATE
26,NKS272,UAL1457,2.9919,121.9,1226.8200000000002,1348.74,29.85907085871292,-95.19297880284928,29.8890380859375,-95.23889394906848,1,27,MODERATE
28,SWA4490,UAL2657,2.8641,662.9,3185.1600000000003,2567.94,29.948823573225635,-95.05607299804689,29.908276574086333,-95.08171530330884,2,30,MODERATE
28,FFT3470,UAL2657,2.9634,579.1,3154.6800000000003,2567.94,29.935928603350103,-95.04124145507814,29.908276574086333,-95.08171530330884,4,32,MODERATE
29,AAL967,NAC810,2.995,99.1,1325.88,1402.0800000000002,25.743527169954977,-80.13059796027414,25.766921997070312,-80.17913818359375,8,37,MODERATE
36,NKS3010,UAL723,1.8797,563.9,2362.2000000000003,2910.84,29.821563720703125,-95.0673382098858,29.794509887695312,-95.051756638747,4,40,HIGH
37,SWA4490,UAL2657,2.2747,365.8,3413.76,2857.5,29.94488525390625,-95.020751953125,29.91151428222656,-95.04493264590992,4,41,MODERATE
37,AAL324,UAL1020,2.9381,655.3,1851.66,1196.34,29.875900268554688,-95.37896963266223,29.92469787597656,-95.38319307215072,1,38,MODERATE
40,AAL967,AJT8313,2.9539,259.1,1455.42,1684.02,25.737213134765625,-80.11769612630206,25.761062622070312,-80.16581217447913,3,43,MODERATE
40,AAL967,NAC810,2.972,129.5,1455.42,1584.96,25.737213134765625,-80.11769612630206,25.76087951660156,-80.16596476236975,1,41,MODERATE
41,NKS3010,UAL413,0.7627,320.0,2446.02,1927.86,29.82122388936705,-95.05624210133271,29.822250366210938,-95.11160043569711,7,48,MODERATE
41,NKS1847,NKS3010,1.4786,594.4,3025.1400000000003,2446.02,29.819732666015625,-95.02994243915263,29.82122388936705,-95.05624210133271,2,43,HIGH
42,NKS272,UAL1167,2.9355,990.6,1638.3000000000002,2628.9,29.84124755859375,-95.16378549429083,29.808701337394066,-95.12172923368566,1,43,MODERATE
42,AAL967,NAC810,3.0,144.8,1470.66,1615.44,25.736160278320312,-80.1153564453125,25.759918212890625,-80.16408284505206,2,44,MODERATE
43,NAC810,TXG403,2.9675,76.2,1638.3000000000002,1584.96,25.75907561738612,-80.16236503169222,25.735382080078125,-80.11408487955725,4,47,MODERATE
45,AAL967,AJT8313,2.9686,297.2,1516.38,1790.7,25.73435637910487,-80.11106095224056,25.75799560546875,-80.15940348307288,3,48,MODERATE
46,AAL1026,AAL1821,2.9591,533.4,3360.42,2606.04,18.40484619140625,-69.94585626775569,18.396148681640625,-69.89433288574219,12,58,MODERATE
46,AAL967,NAC810,2.9609,175.3,1524.0,1699.26,25.73412361791578,-80.1104909069133,25.757260080111227,-80.15884111512383,1,47,MODERATE
49,AAL967,AJT8313,2.673,998.2,1562.1,1866.9,25.732589721679688,-80.10650634765625,25.755844116210938,-80.15492757161456,75,124,MODERATE
49,AAL967,NAC810,2.9843,182.9,1562.1,1744.98,25.732589721679688,-80.10650634765625,25.75556945800781,-80.15543619791663,1,50,MODERATE
49,NAC810,TXG403,2.986,83.8,1744.98,1661.16,25.75556945800781,-80.15543619791663,25.73244773735434,-80.10655241192512,1,50,MODERATE
51,UAL1020,UAL1457,2.9536,525.8,1196.34,1706.88,29.8992919921875,-95.25146484375,29.86885070800781,-95.20709698016827,2,53,MODERATE
51,NKS1708,UAL1020,2.6645,61.0,1706.88,1196.34,29.902862548828125,-95.19806495079628,29.8992919921875,-95.25146484375,28,79,MODERATE
52,NKS687,NKS797,2.6092,457.2,1897.38,2308.86,29.88006591796875,-95.18982520470252,29.91051108150159,-95.1446174172794,61,113,MODERATE
53,ENY4071,UAL1927,2.9751,99.1,1775.46,1874.52,25.92107740499205,-80.1663384070763,25.872116088867188,-80.15785649137678,1,54,MODERATE
54,NAC810,TXG403,2.9767,121.9,1836.42,1729.74,25.752651408567267,-80.14946127837555,25.73021322993909,-80.0999709795106,5,59,MODERATE
55,UAL1020,UAL1457,2.9907,594.4,1196.34,1775.46,29.89817473847987,-95.24607938878675,29.86586748543432,-95.20224178538604,2,57,MODERATE
58,ENY4071,UAL1927,2.9935,99.1,1874.52,1973.58,25.929689568988348,-80.16945472130408,25.88094937599311,-80.15778174767127,1,59,MODERATE
59,AAL967,NAC810,2.9806,259.1,1684.02,1920.24,25.728240966796875,-80.0936381022135,25.74971008300781,-80.14333089192706,5,64,MODERATE
60,NAC810,TXG403,2.982,152.4,1935.48,1798.3200000000002,25.74911343849311,-80.14205068912145,25.72787475585937,-80.09251912434894,5,65,MODERATE
63,UAL1020,UAL1457,2.9564,708.7,1196.34,1897.38,29.895263671875,-95.23176339956429,29.859603881835938,-95.19214923565204,2,65,MODERATE
66,AAL967,NAC810,2.9748,281.9,1767.84,2049.78,25.725082397460938,-80.08397420247394,25.74543581170551,-80.13412187684258,1,67,MODERATE
66,NAC810,TXG403,2.9819,190.5,2049.78,1874.52,25.74543581170551,-80.13412187684258,25.72532524496821,-80.08473522258254,12,78,MODERATE
68,UAL1020,UAL1457,2.3419,746.8,1211.5800000000002,1988.82,29.893472962460272,-95.22292193244488,29.85548633640095,-95.185546875,5,73,MODERATE
69,NKS1847,UAL2657,0.5798,266.7,10317.48,10058.4,29.3572998046875,-92.42195716271031,29.365477481130824,-92.42356244255514,2,71,CRITICAL
70,NKS687,UAL1020,2.6929,30.5,2133.6,1242.0600000000002,29.87471008300781,-95.1590846135066,29.891189575195312,-95.21179786095252,10,80,MODERATE
73,NKS2801,UAL1020,2.8808,297.2,1569.72,1851.66,29.83895874023437,-95.15955998347356,29.875410694186968,-95.12571447035846,3,76,MODERATE
73,UAL1020,UAL2662,1.775,426.7,1851.66,2575.56,29.875410694186968,-95.12571447035846,29.84124755859375,-95.10837848369891,7,80,MODERATE
73,AAL1465,UAL1020,1.1518,91.4,2065.02,1851.66,29.87924194335937,-95.12263958270734,29.875410694186968,-95.12571447035846,7,80,CRITICAL
73,NKS797,UAL1020,2.0478,502.9,2659.38,1851.66,29.9034816935911,-95.1140818876379,29.875410694186968,-95.12571447035846,7,80,HIGH
74,AAL967,NAC810,2.985,342.9,1859.28,2164.08,25.72169417041843,-80.07364524985258,25.74252319335937,-80.12385050455725,7,81,MODERATE
74,AAL1613,N453QS,2.997,45.7,2087.88,2049.78,25.722625215174787,-80.07748010023585,25.742503020722985,-80.1283177789652,6,80,MODERATE
75,AAL1511,NAC810,2.9903,243.8,1943.1,2186.94,25.720763125662074,-80.07214240308076,25.74224853515625,-80.12201944986975,1,76,MODERATE
75,NKS2801,UAL2662,2.6811,998.2,1600.2,2598.42,29.83758544921875,-95.15734159029444,29.84088134765625,-95.1060016338642,1,76,MODERATE
77,NKS3010,UAL413,2.9479,38.1,10668.0,10629.9,29.618133544921875,-92.15685917780952,29.630126953125,-92.21010061410756,2,79,MODERATE
78,FFT3470,UAL2245,2.9861,434.3,9029.7,8214.36,30.09397345074152,-93.38510742187498,30.08657164492849,-93.4409729003906,427,505,MODERATE
79,NKS687,UAL2662,2.9854,396.2,2263.1400000000003,2659.38,29.872146606445312,-95.14466505784252,29.840103149414062,-95.10082538311298,1,80,MODERATE
81,AAL1613,N453QS,2.979,38.1,2171.7000000000003,2125.98,25.71968078613281,-80.068613688151,25.73812866210937,-80.11952718098956,3,84,MODERATE
81,NAC810,TXG403,2.9997,198.1,2278.38,2080.26,25.741851289393537,-80.11385935657427,25.71866827496028,-80.06473181382665,1,82,MODERATE
83,NKS687,UAL2662,2.9875,411.5,2331.7200000000003,2727.96,29.87080202264301,-95.13707778033093,29.8388671875,-95.09279691256006,4,87,MODERATE
83,AAL967,NAC810,2.9853,365.8,1950.72,2316.48,25.717987060546875,-80.06245930989581,25.742019653320312,-80.11077880859375,1,84,MODERATE
86,AAL1511,AJT8313,2.9736,495.3,2087.88,2583.1800000000003,25.71578203621557,-80.05732122457249,25.73393740896451,-80.10846983711673,1,87,MODERATE
86,AAL1613,N453QS,2.9977,38.1,2232.6600000000003,2194.56,25.71762084960937,-80.06220499674475,25.7354736328125,-80.11396300117923,1,87,MODERATE
88,NKS687,UAL2662,2.9813,419.1,2385.06,2804.1600000000003,29.86949157714844,-95.1297173133263,29.83779648603019,-95.08564668543198,1,89,MODERATE
88,AAL1511,AJT8313,2.9784,487.7,2118.36,2606.04,25.7148044392214,-80.05436735333137,25.732820155256885,-80.10567143278303,1,89,MODERATE
88,AAL1613,N453QS,2.9984,22.9,2263.1400000000003,2240.28,25.716567993164062,-80.05900065104163,25.734100341796875,-80.11093139648438,2,90,MODERATE
91,NKS687,UAL2662,2.9792,426.7,2438.4,2849.88,29.86847441075212,-95.12415268841914,29.83691199351165,-95.08009966681988,2,93,MODERATE
91,AAL1511,AJT8313,2.9923,487.7,2156.46,2644.1400000000003,25.71336131984905,-80.0500661022258,25.73130798339844,-80.10167439778644,1,92,MODERATE
94,AAL1511,AJT8313,2.9759,495.3,2202.1800000000003,2689.86,25.711918200476696,-80.04576485112028,25.72974770756091,-80.09732804208431,3,97,MODERATE
102,NKS272,UAL2662,2.9707,76.2,3337.56,3253.74,29.81703418796345,-94.9798224954044,29.829463635460804,-95.03281537224264,2,104,MODERATE
104,AAL1511,AJT8313,2.9314,548.6,2346.96,2827.02,25.70722961425781,-80.03153483072913,25.724853515625,-80.08331298828125,20,124,MODERATE
105,NKS272,UAL2662,1.8984,243.8,3406.1400000000003,3642.36,29.818896277476163,-94.94971780215992,29.82136354608051,-94.98159969554229,2,107,HIGH
125,AAL1511,AJT8313,2.9134,655.3,2651.76,3200.4,25.697067260742188,-80.00076293945312,25.714599609375,-80.05259195963538,87,212,MODERATE
128,ENY4071,UAL1927,2.9765,91.4,2606.04,2689.86,25.994796752929688,-80.24351875737028,25.957155389300848,-80.20722022423377,55,183,MODERATE
132,NKS797,UAL2662,2.7691,7.6,4381.5,4511.04,29.821701049804688,-94.7654782808744,29.79250115863348,-94.79493982651654,5,137,MODERATE
140,NKS687,UAL1457,2.8531,45.7,3131.82,3116.5800000000004,29.851821899414062,-95.03348130446216,29.82033939684852,-95.07805319393384,42,182,MODERATE
151,NKS1708,NKS2801,2.7523,556.3,3070.86,2712.7200000000003,29.870132446289062,-95.03944983849158,29.82069396972656,-95.04753112792967,97,248,MODERATE
152,AAL1465,NKS2801,2.9835,221.0,3032.76,2727.96,29.855625993114405,-95.00502642463238,29.820618710275426,-95.04541733685664,14,166,MODERATE
155,FFT2284,FFT3378,0.5287,998.2,2247.9,3246.1200000000003,25.622956874006885,-80.36524934588738,25.625244140625,-80.37114461263019,125,280,CRITICAL
160,NKS1708,UAL1457,1.1564,998.2,3169.92,3246.1200000000003,29.867111206054688,-95.02518873948316,29.819412231445312,-95.04145695612982,255,415,MODERATE
167,AAL165,AAL714,2.9866,662.9,3665.22,3002.28,25.60249328613281,-80.30670166015625,25.61969821735964,-80.35846062426299,1,168,MODERATE
172,AAL165,FFT3378,2.9879,403.9,3756.66,3352.8,25.599929809570312,-80.29118855794269,25.61192321777344,-80.34474690755206,1,173,MODERATE
180,AAL1856,N453QS,2.9781,106.7,3634.74,3528.0600000000004,25.67542124602754,-79.93476147921581,25.692645574020126,-79.9863764924823,1,181,MODERATE
188,NKS687,UAL1457,2.9915,83.8,3436.6200000000003,3520.44,29.83287048339844,-94.9329141470102,29.81773247153072,-94.98763140510113,1,189,MODERATE
191,NKS687,UAL1457,2.9517,129.5,3451.86,3543.3,29.8319091796875,-94.92794917179988,29.817352294921875,-94.9825638991136,9,200,MODERATE
195,AAL1465,UAL1457,2.9389,411.5,3322.32,3589.02,29.8399658203125,-94.92361802321216,29.8165283203125,-94.97427133413458,28,223,MODERATE
198,UAL2662,UAL413,1.1414,609.6,10058.4,10668.0,29.57324011851165,-91.93892535041364,29.5631103515625,-91.8915499173678,24,222,MODERATE
211,NKS3010,UAL2662,2.9917,609.6,10668.0,10058.4,29.540313720703125,-91.78305992713342,29.552215576171875,-91.83867821326623,1,212,MODERATE
215,NKS3010,UAL2662,2.9508,609.6,10668.0,10058.4,29.538162231445312,-91.77297152005708,29.549917447364937,-91.82782341452209,1,216,MODERATE
217,NKS3010,UAL2662,2.875,609.6,10668.0,10058.4,29.53706359863281,-91.76774245042066,29.54864501953125,-91.82167053222656,5,222,MODERATE
220,AAL967,SHH3006,0.2474,998.2,2377.44,3375.6600000000003,25.65669250488281,-79.8775736490885,25.65903485831568,-79.88594487028303,33,253,CRITICAL
223,UAL2662,UAL413,2.9142,609.6,10058.4,10668.0,29.55834340240996,-91.86783734489892,29.54935882051112,-91.82599235983456,34,257,MODERATE
225,AAL967,TXG403,2.947,922.0,2423.1600000000003,3421.38,25.654861450195312,-79.87218221028644,25.648361206054688,-79.85310872395831,55,280,HIGH
226,AAL1465,UAL1457,2.9748,442.0,3558.54,3985.26,29.82667050119173,-94.85870361328124,29.80758408368644,-94.91180419921876,5,231,MODERATE
226,NKS3010,UAL2662,2.8327,609.6,10668.0,10058.4,29.531890869140625,-91.74312884990984,29.53837249238612,-91.7731610466452,909,1135,HIGH
227,NKS1171,NKS956,2.9784,388.6,3314.7000000000003,3703.32,26.24629133838718,-80.56263850285455,26.230137711864405,-80.51034780649036,1,228,MODERATE
232,AAL1465,UAL1457,2.9962,457.2,3627.12,4084.32,29.82408142089844,-94.84607989971454,29.8055419921875,-94.89947979266827,1,233,MODERATE
249,AAL1465,NKS1708,2.8853,15.2,4008.12,4023.36,29.809632382150426,-94.7750674977022,29.82403564453125,-94.82791020320012,1,250,MODERATE
251,AAL1465,NKS1708,2.9962,7.6,4046.22,4038.6,29.808380126953125,-94.768805870643,29.823132531117583,-94.82375201056988,1,252,MODERATE
253,AAL1465,NKS1708,2.7503,38.1,4061.46,4061.46,29.807647705078125,-94.7652141864483,29.822296142578125,-94.81977609487676,24,277,MODERATE
255,NKS1708,NKS2801,2.9855,640.1,4076.7,3436.6200000000003,29.821456650556144,-94.81572768267466,29.799957275390625,-94.86752436711237,2,257,MODERATE
257,NKS272,UAL413,2.927,609.6,11277.6,10668.0,29.54095458984375,-91.78686288686896,29.5294189453125,-91.73113896296576,2,259,MODERATE
260,NKS272,UAL413,2.9585,609.6,11277.6,10668.0,29.53944396972656,-91.77967951847955,29.52803789559057,-91.72458424287686,1,261,MODERATE
261,AJT8313,SHH3006,0.9702,998.2,4808.22,3810.0,25.6298000529661,-79.7973805553508,25.63506045583951,-79.8143264482606,1,262,CRITICAL
262,NKS2801,UAL1457,0.7877,998.2,3467.1000000000004,4465.320000000001,29.79798889160156,-94.85468937800482,29.795713263042902,-94.8398006663603,1,263,CRITICAL
263,NKS272,UAL413,2.9486,609.6,11277.6,10668.0,29.537887573242188,-91.77233769343452,29.526408567266948,-91.71672147863052,3,266,MODERATE
273,NKS1708,NKS2801,2.8702,830.6,4236.72,3512.82,29.81332397460937,-94.77752098670372,29.793944278005824,-94.82838350183825,28,301,MODERATE
282,N453QS,SHH3006,2.996,678.2,4754.88,4076.7,25.63994844081038,-79.8280075361144,25.62263100834216,-79.77706621278008,8,290,MODERATE
303,NKS1708,NKS2801,2.7243,823.0,4549.14,3741.42,29.797715009269066,-94.70317167394302,29.782026905124468,-94.75142535041364,41,344,MODERATE
322,NKS272,UAL413,2.9208,609.6,11277.6,10668.0,29.503463745117188,-91.6094970703125,29.49195991128178,-91.55391917509188,2,324,MODERATE
326,NKS272,UAL413,2.9441,609.6,11277.6,10668.0,29.5003858663268,-91.5948486328125,29.489044189453125,-91.540040236253,1,327,MODERATE
328,NKS272,UAL413,2.9579,609.6,11277.6,10668.0,29.499298095703125,-91.58974280724158,29.488082885742188,-91.5354978121244,270,598,MODERATE
329,AAL2541,AAL2733,2.9806,38.1,1805.94,1767.84,25.76284634864936,-80.80978105653008,25.748748779296875,-80.86263020833331,1,330,MODERATE
333,AAL2541,AAL2733,2.9952,38.1,1805.94,1767.84,25.761520385742188,-80.81466674804688,25.747329711914062,-80.86776733398438,1,334,MODERATE
336,AAL2541,AAL2733,2.9764,38.1,1805.94,1767.84,25.760513305664062,-80.8184814453125,25.74627685546875,-80.87158203125,3,339,MODERATE
345,NKS1708,NKS2801,2.9519,830.6,5090.16,4259.58,29.77001953125,-94.57078786996692,29.763080144332623,-94.62685977711396,1,346,MODERATE
346,ENY4071,UAL1795,2.813,586.7,4724.400000000001,4716.780000000001,25.905303955078125,-80.55911657945165,25.87657346563824,-80.51367539625898,146,492,MODERATE
347,NKS1708,NKS2801,2.9528,472.4,5105.400000000001,4282.4400000000005,29.76917848748676,-94.56675809972428,29.76242841300317,-94.62249755859376,112,459,MODERATE
358,FFT2284,FFT3378,2.9813,716.3,4495.8,5494.02,25.60801360566737,-79.9818161298644,25.607967053429554,-79.98264528670398,189,547,CRITICAL
358,SHH3006,TXG403,2.9991,15.2,4899.66,4884.42,25.57081836765095,-79.6266778909935,25.551910400390625,-79.57611083984375,2,360,MODERATE
361,SHH3006,TXG403,2.9507,15.2,4922.52,4907.280000000001,25.568909725900426,-79.62149566074584,25.550079345703125,-79.5711771647135,1,362,MODERATE
363,SHH3006,TXG403,2.5693,61.0,4953.0,4937.76,25.5673828125,-79.61746215820312,25.54829406738281,-79.56654866536456,16,379,MODERATE
376,FFT1737,UAL1739,2.3978,998.2,6347.46,5379.72,28.42172241210937,-81.8966850867638,28.453007067664192,-81.85245289522061,17,393,MODERATE
379,AAL1856,AJT8313,2.9834,754.4,5806.4400000000005,6553.200000000001,25.544265747070312,-79.5587158203125,25.513978085275426,-79.51525994066924,2,381,MODERATE
391,AAL1613,TXG403,1.885,114.3,6286.5,6172.200000000001,25.47198486328125,-79.35765584309894,25.44061175847457,-79.35896387640035,1,392,HIGH
415,AAL1856,AJT8313,1.6908,579.1,6362.700000000001,7101.84,25.499679565429688,-79.44625854492188,25.46123439982786,-79.41695303287145,4,419,MODERATE
435,N453QS,SHH3006,2.8383,975.4,6835.14,5859.780000000001,25.517795368776483,-79.49909138229657,25.505505577992583,-79.4485128150796,1,436,MODERATE
459,AAL1026,AAL1821,2.9879,746.8,7940.04,7094.22,19.014450073242188,-70.40142059326172,19.060813774496825,-70.38386119495738,147,606,MODERATE
488,NKS956,UAL2162,2.9517,914.4,6499.860000000001,5577.84,26.362380981445312,-80.92176905218162,26.33843994140625,-80.87326337706367,4,492,MODERATE
490,ENY4071,NKS939,1.8923,457.2,5593.08,5524.5,25.75828422934321,-80.82719335016213,25.743992692333155,-80.8786528965212,13,503,MODERATE
498,NKS956,UAL2162,2.9931,899.2,6576.06,5676.900000000001,26.37171936035156,-80.93633111917745,26.345672607421875,-80.88953558004124,2,500,MODERATE
501,ENY4071,NKS1846,2.1427,7.6,6073.14,6469.38,25.72998046875,-80.93093872070312,25.720297603283896,-80.96545525316924,27,528,HIGH
503,NKS956,UAL2162,2.9935,906.8,6621.780000000001,5722.62,26.377212524414062,-80.9426534400796,26.348845918299787,-80.89682358961835,4,507,MODERATE
509,NKS956,UAL2162,2.9709,891.5,6690.360000000001,5783.58,26.384307861328125,-80.95001220703125,26.353912353515625,-80.90710334058076,10,519,MODERATE
511,FFT3470,UAL2245,2.986,472.4,11132.82,10668.0,30.24755859375,-92.22855511833644,30.252809686175848,-92.17188720703126,2,513,MODERATE
513,NKS210,UAL1927,2.4212,213.4,7505.700000000001,7719.06,26.559310913085938,-80.9344655162883,26.58519162970074,-80.89988708496094,1,514,MODERATE
526,NKS956,UAL2162,2.9777,845.8,6842.76,5996.9400000000005,26.406234741210938,-80.97260673091097,26.371004783501057,-80.9336383526142,1,527,MODERATE
527,AAL1821,AAL972,2.9423,457.2,7589.52,7124.700000000001,19.175239175052965,-70.46820623224431,19.13008117675781,-70.45174189976285,9,536,MODERATE
538,AAL1821,AAL972,2.9873,464.8,7665.72,7200.900000000001,19.193487652277543,-70.481689453125,19.1470750711732,-70.46401145241475,4,542,MODERATE
546,NKS956,UAL2162,2.9837,754.4,7010.400000000001,6256.02,26.4304985434322,-80.99786611703723,26.39442055912341,-80.95978370079627,2,548,MODERATE
551,NKS956,UAL2162,2.9985,731.5,7056.120000000001,6332.22,26.437388274629235,-81.00510230431189,26.40182236493644,-80.96760089580829,3,554,MODERATE
555,NKS1847,UAL2657,2.9554,609.6,10668.0,10058.4,28.95977783203125,-90.54472116323616,28.9518608481197,-90.48846076516544,2,557,MODERATE
555,NKS956,UAL2162,2.9319,678.2,7086.6,6377.9400000000005,26.442535400390625,-81.0104888340212,26.406280517578125,-80.97234761939859,7,562,MODERATE
558,NKS1847,UAL2657,2.2515,609.6,10668.0,10058.4,28.958267211914062,-90.53780188927284,28.950324624271715,-90.48145967371325,410,968,MODERATE
563,NKS956,UAL2162,2.9656,670.6,7139.9400000000005,6461.76,26.4517822265625,-81.02023142688677,26.415648379568324,-80.98228454589844,2,565,MODERATE
569,NKS956,UAL2162,2.9942,533.4,7162.8,6515.1,26.459518432617188,-81.02841935067806,26.423355102539062,-80.99043360296287,13,582,MODERATE
578,NKS1846,NKS939,2.7283,975.4,7078.9800000000005,6217.92,25.67802817134534,-81.11993753685141,25.691940307617188,-81.06877644856769,100,678,MODERATE
583,NKS956,UAL2162,2.9685,502.9,7200.900000000001,6675.12,26.47714233398437,-81.04707537956955,26.44162452827065,-81.00980318509613,5,588,MODERATE
597,NKS956,UAL2162,2.9979,442.0,7246.620000000001,6804.660000000001,26.495635986328125,-81.06656056530068,26.459243774414062,-81.02836752837555,1,598,MODERATE
599,NKS272,UAL413,2.9513,609.6,11277.6,10668.0,29.342899645789192,-90.86258832146144,29.331710815429688,-90.8101888803335,5,604,MODERATE
601,NKS956,UAL2162,2.901,434.3,7261.860000000001,6858.0,26.50117492675781,-81.07241648548052,26.465057373046875,-81.03448256006777,57,658,MODERATE
605,NKS272,UAL413,2.9675,609.6,11277.6,10668.0,29.33940822795286,-90.8466473747702,29.32759094238281,-90.79127971942609,333,938,MODERATE
610,AAL1026,AAL1821,2.9983,746.8,8915.4,8161.02,19.281052411612816,-70.53891823508519,19.31822204589844,-70.57371956961492,3,613,MODERATE
610,UAL1020,UAL1058,2.7355,259.1,1264.92,1836.42,29.88935852050781,-95.24042569673976,29.89073181152344,-95.19885723407452,24,634,MODERATE
662,NKS1708,UAL496T,2.9011,0.0,10660.38,10614.66,29.635899430614405,-92.50434426700366,29.665879071769066,-92.53838034237133,12,674,MODERATE
811,AAL1821,AAL972,1.001,274.3,10187.94,9974.58,19.876190185546875,-70.9881591796875,19.89605712890625,-71.00959232875277,13,824,HIGH
843,NKS1171,NKS2012,1.0473,762.0,8526.78,9288.78,27.206954956054688,-81.82503178434553,27.173858642578125,-81.78854888340209,12,855,MODERATE
856,NKS1171,NKS2012,1.3958,754.4,8602.98,9357.36,27.227333198159428,-81.84703533466046,27.24449157714844,-81.86467584573995,1,857,HIGH
879,AAL2541,NKS939,2.4763,990.6,7063.740000000001,7863.84,25.88085627151748,-81.77715594951923,25.87191824185646,-81.7237032376803,387,1266,MODERATE
882,NKS271,NKS939,2.7361,312.4,6941.820000000001,7879.080000000001,25.86776733398437,-81.71594583763267,25.876899331302965,-81.73431983360877,46,928,HIGH
886,AAL2541,NKS271,2.979,373.4,7117.08,7033.26,25.886349435579977,-81.78977966308594,25.878570556640625,-81.73900676223468,44,930,MODERATE
939,NKS272,UAL413,2.9938,609.6,11277.6,10668.0,29.13890773967161,-90.00791661879595,29.14398193359375,-89.95108971228967,5,944,MODERATE
984,NKS1847,NKS1904,1.2,609.6,10668.0,11277.6,28.646026611328125,-89.15310199444112,28.665298461914062,-89.15928180401141,4,988,HIGH
1084,NKS956,UAL2162,2.9931,426.7,9144.0,9570.72,27.163375854492188,-81.79844694317512,27.13764953613281,-81.75045949108193,1,1085,MODERATE
1088,NKS956,UAL2162,2.9714,594.4,9144.0,9593.58,27.165206909179688,-81.8050801978921,27.14218139648437,-81.75533078751471,24,1112,MODERATE
1091,NKS272,NKS3010,0.2862,624.8,11292.84,10668.0,28.955886840820312,-89.52093271108771,28.937164306640625,-89.47064913236176,4,1095,MODERATE
1137,NKS1904,UAL2662,0.3969,0.0,11277.6,11277.6,28.37022399902344,-87.98902658315802,28.37065615896451,-88.00134995404412,6,1143,CRITICAL
1142,ENY3814,NKS1847,2.4989,0.0,10668.0,10668.0,28.259629071769066,-87.6103120691636,28.246175475039724,-87.56485882927393,17,1159,MODERATE
1152,ENY3814,UAL2662,2.3588,609.6,10668.0,11277.6,28.24435993776483,-87.55775002872241,28.25917053222656,-87.60814960186299,20,1172,MODERATE
1164,NKS272,NKS3010,2.8318,609.6,11277.6,10668.0,28.789581298828125,-89.08380361703723,28.771796792240465,-89.03681137982537,2,1166,MODERATE
1169,NKS1847,UAL2662,2.8231,609.6,10668.0,11277.6,28.198516845703125,-87.40183903620795,28.208999633789062,-87.4366466815655,48,1217,HIGH
1178,ENY3814,NKS1847,2.9536,0.0,10668.0,10668.0,28.20353362519862,-87.4181590360754,28.187798968816207,-87.36527386833643,1,1179,MODERATE
1182,ENY3814,NKS1847,2.9483,0.0,10668.0,10668.0,28.19762149099576,-87.39790972541363,28.18194580078125,-87.3451115534856,1,1183,MODERATE
1184,FFT2284,GXA401,1.0503,304.8,11277.6,11582.4,21.8770751953125,-71.61013516512782,21.84230998411017,-71.57506306966144,9,1193,MODERATE
1190,ENY3814,NKS1847,2.9239,0.0,10668.0,10668.0,28.189132690429688,-87.36888005183295,28.173385620117188,-87.31606116661658,48,1238,MODERATE
1198,ENY3814,UAL2662,2.9798,609.6,10668.0,11277.6,28.173660278320312,-87.31637807992786,28.17699884964248,-87.26020364200366,1,1199,MODERATE
1203,NKS1904,NKS3010,2.9856,609.6,11277.6,10668.0,28.2271728515625,-87.49944833608771,28.26926538499735,-87.52371395335479,8,1211,MODERATE
1211,AAL2541,NKS1846,2.9833,0.0,9974.58,10972.8,26.17809230998411,-82.46163588303784,26.211470264499468,-82.45418842022235,170,1381,MODERATE
1217,NKS1904,NKS3010,2.9665,617.2,11285.22,10668.0,28.201080322265625,-87.41018442007208,28.24710651979608,-87.40318747127758,4,1221,MODERATE
1232,AAL2541,UAL1795,2.9104,609.6,10287.0,10363.2,26.19480456336069,-82.50029930701623,26.17529917571504,-82.45582580566406,287,1519,MODERATE
1239,ENY3814,NKS1847,2.8111,0.0,10668.0,10668.0,28.130905151367188,-87.17096768892725,28.116531372070312,-87.1225855900691,59,1298,MODERATE
1267,AAL2541,NKS939,2.4996,998.2,10683.24,9685.02,26.222503144862287,-82.5648968036358,26.26400756835937,-82.56852635797463,1,1268,MODERATE
1312,ENY3814,NKS1847,2.9759,0.0,10668.0,10668.0,28.02291094246557,-86.80712531594668,28.038645598847985,-86.86065673828125,5,1317,MODERATE
1377,NKS1846,UAL1795,2.9747,609.6,10972.8,10363.2,26.35215112718485,-82.76085486778845,26.303054809570312,-82.75342833321048,1,1378,MODERATE
1382,NKS1846,UAL1795,2.9969,609.6,10972.8,10363.2,26.356527037539724,-82.77046790489783,26.30712890625,-82.76296363686612,2,1384,MODERATE
1382,AAL2541,NKS1846,2.981,0.0,10972.8,10972.8,26.307357788085938,-82.76254905844633,26.356527037539724,-82.77046790489783,2,1384,MODERATE
1385,AAL2541,NKS1846,2.9932,0.0,10972.8,10972.8,26.309602381819385,-82.76777414175177,26.35894775390625,-82.77569697453424,1,1386,MODERATE
1390,NKS1846,UAL1795,2.9995,609.6,10972.8,10363.2,26.36355642545021,-82.78578538161054,26.31397829217426,-82.77891892653241,1,1391,MODERATE
1398,NKS1846,UAL1795,2.9912,609.6,10972.8,10363.2,26.369980634269066,-82.79988802396332,26.32044982910156,-82.79390155144455,1,1399,MODERATE
1403,NKS1846,UAL1795,2.9975,609.6,10972.8,10363.2,26.37460327148437,-82.80996646521226,26.326035321769066,-82.80701857346753,114,1517,MODERATE
1410,NKS272,UAL723,2.2791,0.0,11277.6,11277.6,28.51473999023437,-88.37286142202521,28.525543212890625,-88.39942932128906,32,1442,HIGH
1412,NKS272,NKS687,2.9823,602.0,11277.6,10675.62,28.51300048828125,-88.36842463566705,28.4634813211732,-88.37283863740808,1,1413,MODERATE
1445,NKS272,UAL723,2.9707,7.6,11277.6,11277.6,28.4739555746822,-88.26889935661768,28.454269409179688,-88.21762671837439,8,1453,MODERATE
1520,AAL2541,UAL1795,2.9288,609.6,10972.8,10363.2,26.41811564817267,-83.02241398737982,26.43915725966632,-83.07232783390924,2,1522,MODERATE
1561,GXA401,N453QS,2.9189,914.4,11582.4,12496.8,22.158737182617188,-72.2344582297585,22.195358276367188,-72.26546963778407,20,1581,MODERATE
1643,AAL1821,NAC811,2.9988,15.2,2499.36,2636.52,25.676925659179688,-80.215098063151,25.726070080773304,-80.22185703493511,205,1848,MODERATE
1667,AAL967,FFT4879,2.867,304.8,10066.02,9761.22,22.30453491210937,-72.6844482421875,22.26214599609375,-72.65798117897725,20,1687,MODERATE
1745,NKS1171,UAL2657,2.8432,983.0,10980.42,10058.4,27.44696665618379,-84.05967125525842,27.41433353747352,-84.10187354454627,16,1761,MODERATE
1762,NKS1564,NKS1847,2.8849,304.8,10965.18,10668.0,27.10173526052701,-84.01218707744891,27.113433837890625,-84.06308156139443,19,1781,MODERATE
1801,AAL1465,AAL324,2.8766,609.6,10668.0,11277.6,28.26228254932468,-87.61925192440259,28.24813842773437,-87.57059537447412,19,1820,MODERATE
1828,AAL1465,NKS272,2.9477,602.0,10668.0,11269.98,28.180984497070312,-87.34109731820914,28.16517458123676,-87.28836957146143,1,1829,MODERATE
1831,AAL1465,NKS272,2.9619,602.0,10668.0,11269.98,28.178535073490465,-87.33279957490811,28.162628173828125,-87.27982741135816,1,1832,MODERATE
1833,ENY3814,NKS1564,2.9703,312.4,10668.0,10972.8,27.169701527741,-84.23149108886719,27.16937566207627,-84.18004549466644,20,1853,MODERATE
1834,AAL1465,NKS272,2.9793,602.0,10668.0,11269.98,28.17562866210937,-87.32287480280951,28.160007282838983,-87.27097455193018,12,1846,MODERATE
1847,AAL1465,NKS272,1.9343,602.0,10668.0,11269.98,28.16340559619968,-87.28126077090991,28.14883474576271,-87.23306094898896,31,1878,MODERATE
1908,UAL413,UAL496T,1.4477,0.0,10668.0,10668.0,28.43696594238281,-87.12469834547778,28.44551215737553,-87.15416403377758,5,1913,HIGH
1914,AAL324,NKS2801,2.9201,617.2,11277.6,10668.0,28.16244506835937,-87.2780315692608,28.176393670550848,-87.32520608340991,50,1964,MODERATE
1942,NKS1562,UAL496T,2.7133,914.4,11582.4,10668.0,28.2403564453125,-86.60802401029144,28.288742065429688,-86.61700322077824,3,1945,MODERATE
1949,FFT3378,GXA401,2.8626,312.4,11277.6,11590.02,22.53016585010593,-72.94794718424475,22.48538259732521,-72.92424519856769,20,1969,MODERATE
1975,NKS1564,UAL1457,2.8916,914.4,10972.8,10058.4,27.304051286083155,-84.5168715256911,27.3036323159428,-84.5691622220553,19,1994,MODERATE
2024,NKS1562,UAL413,2.953,914.4,11582.4,10668.0,28.30096435546875,-86.82315532977765,28.34967041015625,-86.82484553410455,7,2031,MODERATE
2058,NKS2012,UAL496T,2.889,320.0,10355.58,10668.0,27.84778142379502,-85.04009540264423,27.85671945345604,-85.09566086989184,16,2074,MODERATE
2111,UAL1927,UAL496T,2.7203,914.4,11582.4,10668.0,27.8152879617982,-84.8500530536358,27.824386596679688,-84.90338019604951,21,2132,MODERATE
2111,NKS1171,UAL723,2.8078,297.2,11574.78,11277.6,27.532808982719807,-85.00454829289362,27.54128149000265,-85.0542508638822,19,2130,MODERATE
2176,NKS2012,UAL413,2.7885,297.2,10370.82,10668.0,28.18728689420021,-86.36799531824448,28.22625732421875,-86.4029810978816,7,2183,MODERATE
2238,NKS1155,UAL1739,2.7512,922.0,11285.22,10363.2,30.289947509765625,-86.69790828929229,30.28436279296875,-86.64421530330884,22,2260,MODERATE
2239,NKS1846,NKS271,1.7278,7.6,10972.8,10972.8,27.163375854492188,-84.57259843934257,27.179855346679688,-84.61042872015037,18,2257,MODERATE
2258,AAL324,NKS2801,1.078,602.0,11277.6,10660.38,27.826904296875,-86.13483356979658,27.823654174804688,-86.12384724167157,106,2364,CRITICAL
2281,AAL1465,NKS1171,2.6923,914.4,10668.0,11582.4,27.63159283136917,-85.47717167780951,27.61590472722457,-85.42382460374097,23,2304,MODERATE
2289,NKS1171,NKS272,0.5683,304.8,11582.4,11277.6,27.62191772460937,-85.44357587706367,27.635513305664062,-85.49088963922465,3,2292,MODERATE
2289,AAL1465,NKS272,0.3043,609.6,10668.0,11277.6,27.62608337402344,-85.45870798938677,27.635513305664062,-85.49088963922465,3,2292,HIGH
2319,AAL1465,NKS1564,2.8439,312.4,10668.0,10980.42,27.606216430664062,-85.39232361991452,27.62969970703125,-85.34298878795693,13,2332,MODERATE
2353,NKS1846,NKS2801,2.8406,297.2,10972.8,10675.62,27.70244533732786,-85.82144517164966,27.74313199318061,-85.85017864520734,18,2371,MODERATE
2356,AAL324,NKS1846,1.7704,304.8,11277.6,10972.8,27.74601823192532,-85.860848060021,27.705322265625,-85.82835647295104,8,2364,MODERATE
2364,AAL324,NKS1171,1.2193,304.8,11277.6,11582.4,27.687827934653072,-85.66483717698317,27.680984755693856,-85.6410686786358,9,2373,HIGH
2381,AAL1465,AAL324,2.8552,602.0,10668.0,11277.6,27.57435607910156,-85.24302356647996,27.58168029785156,-85.28474051997347,26,2407,MODERATE
2384,NKS1171,NKS2801,2.7703,899.2,11582.4,10675.62,27.698767710540253,-85.70085965670069,27.713653564453125,-85.7510894199587,15,2399,MODERATE
2386,UAL1927,UAL413,2.5357,998.2,11582.4,10591.8,28.032547255693856,-85.75033748851104,28.07616670252913,-85.77128690831802,4,2390,MODERATE
2408,AAL1465,AAL324,2.9713,602.0,10675.62,11277.6,27.56297483282574,-85.18291766826923,27.554214477539062,-85.1279780549823,1,2409,MODERATE
2420,ENY3814,NKS1904,2.98,7.6,10668.0,10675.62,26.63947153899629,-82.81895564152643,26.688584149894066,-82.82698411207929,1,2421,MODERATE
2428,ENY3814,NKS1904,2.9998,7.6,10668.0,10675.62,26.63179041975636,-82.79893728402942,26.680949582891948,-82.80892005333533,1,2429,MODERATE
2432,ENY3814,NKS1904,2.9676,7.6,10668.0,10675.62,26.62815934520657,-82.78942988469049,26.67681884765625,-82.79913560399467,1,2433,MODERATE
2435,ENY3814,NKS1904,2.9929,0.0,10668.0,10668.0,26.625411987304688,-82.78224153338738,26.674301147460938,-82.79312421690742,1,2436,MODERATE
2439,ENY3814,NKS1904,2.9912,7.6,10668.0,10668.0,26.621795654296875,-82.77275805203419,26.670428777145126,-82.78398953951319,3,2442,MODERATE
2444,ENY3814,NKS1904,2.9631,45.7,10668.0,10668.0,26.617591987221928,-82.76180560772235,26.666052866790253,-82.7736370380108,437,2881,MODERATE
2686,FFT1737,UAL2245,2.8344,906.8,11582.4,10668.0,30.7988674357786,-86.0278381347656,30.814741748874468,-86.08172607421875,18,2704,MODERATE
2793,FFT1737,FFT3470,2.7778,312.4,11590.02,11269.98,30.81825256347656,-86.30433924057905,30.813577942929022,-86.36077880859375,21,2814,MODERATE
2834,AAL2733,ENY4071,2.0596,99.1,1729.74,1828.8,29.89235570875265,-95.32734590418198,29.892013549804688,-95.38435715895434,17,2851,MODERATE
2882,ENY3814,NKS1904,2.9871,38.1,6614.160000000001,6659.88,26.202020160222457,-81.6979804405799,26.224685668945312,-81.74688375221109,16,2898,MODERATE
2894,NKS687,NKS797,2.8914,365.8,9441.18,9829.8,26.980636596679688,-82.29272806419516,27.007965087890625,-82.27676679503242,3,2897,HIGH
2899,ENY3814,NKS1904,2.9972,38.1,6431.280000000001,6469.38,26.185401011321503,-81.66016211876502,26.208251953125,-81.70905347140331,2,2901,MODERATE
2903,ENY3814,NKS1904,2.9512,38.1,6393.18,6431.280000000001,26.182159423828125,-81.65277445091391,26.204910278320312,-81.70133194833431,1,2904,MODERATE
2955,NKS687,NKS797,2.4552,335.3,9448.8,9204.96,26.9227884583554,-82.16136052058295,26.928374726893537,-82.12179917555585,11,2966,MODERATE
2966,NKS210,UAL2162,2.7477,602.0,11574.78,10972.8,28.22727526648569,-86.40607048483457,28.19692320742849,-86.36422549977021,9,2975,MODERATE
2978,NKS687,UAL2657,1.2976,38.1,5349.240000000001,4914.900000000001,26.43365478515625,-81.36220680092862,26.406646728515625,-81.32297731795398,10,2988,MODERATE
3253,FFT1418,FFT1737,2.9745,304.8,11277.6,11582.4,30.786251779329977,-87.26281127929684,30.796819137314618,-87.20903320312499,28,3281,MODERATE
3362,NKS1846,UAL2162,1.4515,0.0,10972.8,10972.8,28.83677673339844,-89.09177926870493,28.8419975668697,-89.11016127642466,8,3370,HIGH
3415,ENY3814,UAL1848,2.3278,236.2,1356.36,1028.7,25.77337646484375,-80.61162312825519,25.80143815380032,-80.5687037054098,15,3430,MODERATE
3429,UAL1167,UAL1956,2.7793,472.4,1097.28,1844.04,29.893612619173727,-95.27575324563418,29.89141845703125,-95.21956223707934,37,3466,MODERATE
3508,UAL1059,UAL1956,2.9034,22.9,1805.94,1844.04,29.89202984308792,-95.43010038488052,29.89207639532574,-95.37640739889709,37,3545,MODERATE
3703,NKS1564,UAL2162,2.9667,0.0,10980.42,10972.8,28.944133176641948,-89.89148308249082,28.97071450443591,-89.93892894071689,164,3867,MODERATE
3723,NKS2012,UAL1059,2.9732,861.1,2278.38,1424.94,29.862655381024894,-95.07767621208644,29.90525067862817,-95.09905646829044,17,3740,MODERATE
3783,NKS1846,NKS2012,2.9832,61.0,2034.54,1927.86,29.878692626953125,-95.126706636869,29.88802635063559,-95.17342960133271,48,3831,MODERATE
3799,NKS272,UAL723,0.8605,144.8,1973.58,2080.26,26.114913940429688,-80.78578733048346,26.10798463983051,-80.73150047889123,311,4110,MODERATE
3828,AAL1465,NKS1708,2.8829,388.6,8625.84,8633.460000000001,26.3291015625,-82.00666895452537,26.359506380760063,-82.03195425180289,61,3889,MODERATE
4215,AAL324,NKS1708,2.9878,83.8,2720.34,2804.1600000000003,25.851342152741,-80.87564321664661,25.888595581054688,-80.91187099240858,3,4218,MODERATE
4539,AAL324,UAL1739,2.996,213.4,1539.24,1844.04,29.861165709414724,-95.2194752412684,29.891564320709744,-95.23773193359376,8,4547,MODERATE
4805,UAL1927,UAL2162,2.9385,861.1,11224.26,10363.2,29.343923795021187,-92.26549933938418,29.308364868164062,-92.30485769418569,2,4807,MODERATE
4834,UAL1927,UAL2162,2.0393,403.9,10972.8,10363.2,29.355514526367188,-92.38255427433891,29.324558064088983,-92.4264705882353,25,4859,MODERATE
6200,ENY3689,FFT1737,1.0584,320.0,1760.22,1447.8000000000002,29.89230915651483,-95.43349322150738,29.892013549804688,-95.48228337214545,2,6202,MODERATE
