Timestamp,Callsign,lat,lon,Altitude,Speed,Direction
2024-05-10 11:24:59+00:00,NKS1336,29.893845380362816,-95.24618709788602,1074.42,127.58134993988656,140.86562684828053
2024-05-10 11:25:02+00:00,NKS1336,29.89228820800781,-95.2438589242788,1120.14,127.8380662725002,140.05165102841704
2024-05-10 11:25:04+00:00,NKS1336,29.89058672371557,-95.24134018841914,1165.86,127.8380662725002,140.05165102841704
2024-05-10 11:25:08+00:00,NKS1336,29.88728151483051,-95.2364932789522,1242.0600000000002,127.67147996225358,139.73666530400394
2024-05-10 11:25:09+00:00,NKS1336,29.88658323126324,-95.23541618795956,1257.3,127.8380662725002,140.05165102841704
2024-05-10 11:25:11+00:00,NKS1336,29.88500045517744,-95.23304658777572,1295.4,127.8380662725002,140.05165102841704
2024-05-10 11:25:12+00:00,NKS1336,29.88420906713453,-95.23191564223346,1310.64,127.8380662725002,140.05165102841704
2024-05-10 11:25:14+00:00,NKS1336,29.882583618164062,-95.2295450063852,1341.12,127.70933617955636,140.45828647304197
2024-05-10 11:25:17+00:00,NKS1336,29.880294799804688,-95.22605895996094,1379.22,127.70933617955636,140.45828647304197
2024-05-10 11:25:22+00:00,NKS1336,29.87690734863281,-95.22098834698016,1432.5600000000002,126.95239691138272,142.91269134794337
2024-05-10 11:25:25+00:00,NKS1336,29.87447964943061,-95.21721335018384,1478.28,126.54108759982944,143.42934904683753
2024-05-10 11:25:28+00:00,NKS1336,29.871919276350635,-95.21322811351104,1524.0,126.41908178855653,143.84299495798055
2024-05-10 11:25:29+00:00,NKS1336,29.871500306210272,-95.21258185891544,1531.62,126.13275173622394,143.95334492111652
2024-05-10 11:25:30+00:00,NKS1336,29.8707275390625,-95.21142812875598,1546.86,126.13275173622394,143.95334492111652
2024-05-10 11:25:32+00:00,NKS1336,29.868484497070312,-95.20788926344652,1592.5800000000002,126.01236270179152,144.36915582968732
2024-05-10 11:25:33+00:00,NKS1336,29.867706298828125,-95.20667442908656,1600.2,125.8926656877456,144.7856004623161
2024-05-10 11:25:34+00:00,NKS1336,29.867019653320312,-95.205565232497,1615.44,125.8926656877456,144.7856004623161
2024-05-10 11:25:36+00:00,NKS1336,29.865588172007413,-95.20326502182904,1638.3000000000002,125.77365578022382,145.20267336639702
2024-05-10 11:25:37+00:00,NKS1336,29.86484333620233,-95.20208022173716,1653.5400000000002,125.65532809790032,145.6203691436126
2024-05-10 11:25:41+00:00,NKS1336,29.861618041992188,-95.19690293532152,1699.26,125.65532809790032,145.6203691436126
2024-05-10 11:25:44+00:00,NKS1336,29.85923767089844,-95.19309997558594,1729.74,125.39905924102898,148.3116267121681
2024-05-10 11:25:45+00:00,NKS1336,29.85851223185911,-95.19190171185664,1737.36,125.44571032759823,149.0290194461908
2024-05-10 11:25:47+00:00,NKS1336,29.856948852539062,-95.1893498347356,1760.22,125.3313313389164,149.44841695606698
2024-05-10 11:25:48+00:00,NKS1336,29.856510485632946,-95.18872429342832,1767.84,125.3313313389164,149.44841695606698
2024-05-10 11:25:49+00:00,NKS1336,29.85581220206568,-95.18753949333644,1775.46,125.21759296819272,149.8684067090661
2024-05-10 11:25:50+00:00,NKS1336,29.85450873940678,-95.18543916590072,1798.3200000000002,125.21759296819272,149.8684067090661
2024-05-10 11:25:51+00:00,NKS1336,29.85406494140625,-95.18470177283656,1805.94,125.10449073738194,150.28898374003305
2024-05-10 11:25:54+00:00,NKS1336,29.851855261851163,-95.18107694738052,1836.42,125.15192985735403,151.0057455164766
2024-05-10 11:25:55+00:00,NKS1336,29.85106387380826,-95.17978443818936,1851.66,125.15192985735403,151.0057455164766
2024-05-10 11:25:57+00:00,NKS1336,29.84901557534428,-95.17649931066175,1889.76,125.15192985735403,151.0057455164766
2024-05-10 11:25:58+00:00,NKS1336,29.84857177734375,-95.17577538123498,1897.38,125.15192985735403,151.0057455164766
2024-05-10 11:25:59+00:00,NKS1336,29.84779357910156,-95.17450772798976,1905.0,125.15192985735403,151.0057455164766
2024-05-10 11:26:00+00:00,NKS1336,29.84738624702065,-95.17380658318018,1912.62,125.15192985735403,151.0057455164766
2024-05-10 11:26:01+00:00,NKS1336,29.84632873535156,-95.17213087815504,1935.48,125.03985969162724,151.42665912447953
2024-05-10 11:26:02+00:00,NKS1336,29.845184326171875,-95.17022939828723,1950.72,125.19892072524512,151.72260983412596
2024-05-10 11:26:03+00:00,NKS1336,29.84481811523437,-95.16959557166469,1958.34,125.19892072524512,151.72260983412596
2024-05-10 11:26:05+00:00,NKS1336,29.84324309785487,-95.16702090992646,1988.82,125.08724855327618,152.14327968974214
2024-05-10 11:26:06+00:00,NKS1336,29.842451709811968,-95.1657284007353,1996.44,125.08724855327618,152.14327968974214
2024-05-10 11:26:07+00:00,NKS1336,29.841705322265625,-95.1645249586839,2011.68,125.08724855327618,152.14327968974214
2024-05-10 11:26:08+00:00,NKS1336,29.841008590439618,-95.16335880055146,2026.92,125.08724855327618,152.14327968974214
2024-05-10 11:26:10+00:00,NKS1336,29.83882063526218,-95.1598582548254,2057.4,125.13419305691563,152.86000335737745
2024-05-10 11:26:21+00:00,NKS1336,29.830078125,-95.14572143554688,2194.56,125.2267735128206,154.29375425239917
2024-05-10 11:26:23+00:00,NKS1336,29.828338623046875,-95.14302767240083,2217.42,125.2267735128206,154.29375425239917
2024-05-10 11:26:25+00:00,NKS1336,29.82653084447828,-95.14041676240812,2240.28,127.8915766942234,155.79841201522729
2024-05-10 11:26:29+00:00,NKS1336,29.82378426244703,-95.13670079848345,2270.76,131.68029866746758,157.04703902675547
2024-05-10 11:26:30+00:00,NKS1336,29.82280666545286,-95.13551599839155,2286.0,132.74124453868637,156.90542
2024-05-10 11:26:32+00:00,NKS1336,29.820711814751057,-95.13303868910845,2308.86,136.05602380599754,157.9016282085228
2024-05-10 11:26:33+00:00,NKS1336,29.819734217756885,-95.13190774356616,2316.48,136.05602380599754,157.9016282085228
2024-05-10 11:26:34+00:00,NKS1336,29.81875662076271,-95.13088450712316,2331.7200000000003,137.24833314235093,157.63239101450534
2024-05-10 11:26:41+00:00,NKS1336,29.810073852539062,-95.12269240159252,2438.4,142.15781301361582,157.64833997509612
2024-05-10 11:26:44+00:00,NKS1336,29.806686401367188,-95.11968172513522,2484.1200000000003,142.15781301361582,157.64833997509612
2024-05-10 11:26:49+00:00,NKS1336,29.80169677734375,-95.11535057654748,2552.7000000000003,142.71736975880282,157.11527401889117
2024-05-10 11:26:50+00:00,NKS1336,29.80060124801377,-95.11440501493564,2567.94,142.83071498355034,157.52490330236836
2024-05-10 11:26:54+00:00,NKS1336,29.79608568094544,-95.1104736328125,2621.28,142.9434718105904,157.93514585445507
2024-05-10 11:26:58+00:00,NKS1336,29.79107666015625,-95.10610727163458,2674.6200000000003,142.90716270295846,158.65573063202993
2024-05-10 11:26:59+00:00,NKS1336,29.78980112884004,-95.10508817784928,2689.86,143.01892051535128,159.0663842819949
2024-05-10 11:27:00+00:00,NKS1336,29.78854421841896,-95.10395723230698,2697.48,143.01892051535128,159.0663842819949
2024-05-10 11:27:02+00:00,NKS1336,29.786309711003707,-95.1020184685202,2720.34,142.98252823229365,159.78683641225683
2024-05-10 11:27:05+00:00,NKS1336,29.782771740929554,-95.09894875919116,2743.2000000000003,142.9464626640362,160.50735242736988
2024-05-10 11:27:09+00:00,NKS1336,29.77811651714777,-95.09490966796876,2781.3,143.05683413384656,160.9182147713017
2024-05-10 11:27:10+00:00,NKS1336,29.777069091796875,-95.0940645658053,2788.92,142.9848662152566,162.35904801538518
2024-05-10 11:27:11+00:00,NKS1336,29.77602166644597,-95.09313246783093,2804.1600000000003,142.9848662152566,162.35904801538518
2024-05-10 11:27:12+00:00,NKS1336,29.774871826171875,-95.09211026705223,2811.78,142.9848662152566,162.35904801538518
2024-05-10 11:27:13+00:00,NKS1336,29.773681640625,-95.09110670823316,2819.4,142.94935916974697,163.07955942384882
2024-05-10 11:27:14+00:00,NKS1336,29.772576800847457,-95.09011661305146,2827.02,142.94935916974697,163.07955942384882
2024-05-10 11:27:15+00:00,NKS1336,29.77141299490201,-95.08914723115812,2842.26,142.91416450904768,163.80013291144692
2024-05-10 11:27:16+00:00,NKS1336,29.77020263671875,-95.08809603177582,2849.88,142.91416450904768,163.80013291144692
2024-05-10 11:27:17+00:00,NKS1336,29.76889917405985,-95.08693919462314,2857.5,142.87927815496502,164.52076766249075
2024-05-10 11:27:18+00:00,NKS1336,29.76768493652344,-95.08587763859674,2872.74,142.87927815496502,164.52076766249075
2024-05-10 11:27:19+00:00,NKS1336,29.76644897460937,-95.0848212608924,2880.36,142.84469609952956,165.24146287545202
2024-05-10 11:27:23+00:00,NKS1336,29.762614621954448,-95.0814998851103,2910.84,142.9521657227456,165.65176682416086
2024-05-10 11:27:26+00:00,NKS1336,29.75814560712394,-95.07773006663604,2956.56,142.9521657227456,165.65176682416086
2024-05-10 11:27:28+00:00,NKS1336,29.755645751953125,-95.07584205040564,2979.42,145.71978222540088,166.23229218770092
2024-05-10 11:27:30+00:00,NKS1336,29.753173828125,-95.07404620830827,3002.28,147.54243982393427,165.83379827830385
2024-05-10 11:27:31+00:00,NKS1336,29.751907607256356,-95.07315242991729,3017.52,147.54243982393427,165.83379827830385
2024-05-10 11:27:34+00:00,NKS1336,29.7483696371822,-95.07089053883271,3055.6200000000003,151.60274617026516,165.50231965237748
2024-05-10 11:27:35+00:00,NKS1336,29.746902465820312,-95.07003197303186,3070.86,152.63922527018275,165.66374872434585
2024-05-10 11:27:36+00:00,NKS1336,29.745437622070312,-95.0691868708684,3086.1000000000004,153.59432471092722,165.41834627470573
2024-05-10 11:27:40+00:00,NKS1336,29.740269547801905,-95.06663602941175,3131.82,157.60039645422188,164.7024422600952
2024-05-10 11:27:42+00:00,NKS1336,29.737335205078125,-95.06533109224756,3154.6800000000003,157.60039645422188,164.7024422600952
2024-05-10 11:27:45+00:00,NKS1336,29.732940673828125,-95.06342961237982,3192.78,159.42309719869755,165.39994641410354
2024-05-10 11:27:56+00:00,NKS1336,29.71778481693591,-95.05710377412684,3261.36,160.14928400387478,171.1931740615331
2024-05-10 11:27:57+00:00,NKS1336,29.71641540527344,-95.05651033841644,3261.36,160.14928400387478,171.1931740615331
2024-05-10 11:27:58+00:00,NKS1336,29.71490478515625,-95.05592933067908,3268.98,142.71736975880282,157.11527401889117
2024-05-10 11:28:03+00:00,NKS1336,29.707534790039062,-95.05286583533656,3291.84,160.33479870232,174.27203379131132
2024-05-10 11:28:04+00:00,NKS1336,29.70614675748146,-95.05231071920956,3299.46,160.23283132320836,174.9298723598974
2024-05-10 11:28:08+00:00,NKS1336,29.69921047404661,-95.04945642807904,3322.32,160.20112364547506,177.69851938812744
2024-05-10 11:28:12+00:00,NKS1336,29.69408972788665,-95.0473561006434,3337.56,160.21349587147867,179.32487741821294
2024-05-10 11:28:15+00:00,NKS1336,29.68943450410487,-95.04541733685662,3352.8,160.17038886700846,180.46721916765188
2024-05-10 11:28:18+00:00,NKS1336,29.68501281738281,-95.04362253042363,3368.04,160.182847480381,182.09355631603307
2024-05-10 11:28:19+00:00,NKS1336,29.68373107910156,-95.04309434157152,3368.04,160.182847480381,182.09355631603307
2024-05-10 11:28:21+00:00,NKS1336,29.68048095703125,-95.0417210505559,3375.6600000000003,160.182847480381,182.09355631603307
2024-05-10 11:28:23+00:00,NKS1336,29.67718505859375,-95.04034775954028,3390.9,160.182847480381,182.09355631603307
2024-05-10 11:28:46+00:00,NKS1336,29.639251191737287,-95.0244140625,3543.3,159.72989516140635,193.03924158798736
2024-05-10 11:28:50+00:00,NKS1336,29.632553100585938,-95.02159705528844,3589.02,159.5867922022076,193.2180714350235
2024-05-10 11:28:54+00:00,NKS1336,29.625778198242188,-95.01869201660156,3627.12,159.5867922022076,193.2180714350235
2024-05-10 11:28:57+00:00,NKS1336,29.622344970703125,-95.0172130878155,3649.98,159.5867922022076,193.2180714350235
2024-05-10 11:29:09+00:00,NKS1336,29.60224914550781,-95.00865642841046,3779.52,159.5145377807605,195.5056417676145
2024-05-10 11:29:10+00:00,NKS1336,29.60064697265625,-95.00796978290263,3787.14,159.5145377807605,195.5056417676145
2024-05-10 11:29:11+00:00,NKS1336,29.598936953787074,-95.00723446116729,3794.76,159.5145377807605,195.5056417676145
2024-05-10 11:29:14+00:00,NKS1336,29.594002416578387,-95.00513413373164,3825.24,159.56717132060132,195.9876355476048
2024-05-10 11:29:25+00:00,NKS1336,29.57542807368909,-94.99721751493566,3954.78,159.4263685994117,196.167824934468
2024-05-10 11:29:30+00:00,NKS1336,29.56690901416843,-94.99355540556066,4015.74,159.4263685994117,196.167824934468
2024-05-10 11:29:42+00:00,NKS1336,29.547775268554688,-94.98541611891528,4130.04,159.4263685994117,196.167824934468
2024-05-10 11:30:39+00:00,NKS1336,29.451461791992188,-94.9447983961839,4762.5,159.66669442796214,201.34749314108225
2024-05-10 11:30:40+00:00,NKS1336,29.44976806640625,-94.94405893179086,4770.12,159.66669442796214,201.34749314108225
2024-05-10 11:30:46+00:00,NKS1336,29.438611046742583,-94.93932387408093,4846.320000000001,159.66669442796214,201.34749314108225
2024-05-10 11:30:47+00:00,NKS1336,29.437121375132413,-94.93873147403492,4853.9400000000005,159.66669442796214,201.34749314108225
2024-05-10 11:30:52+00:00,NKS1336,29.428229897709212,-94.93496165556066,4899.66,159.7174409110834,201.82995980927396
2024-05-10 11:30:53+00:00,NKS1336,29.42678677833686,-94.93436925551472,4907.280000000001,159.76794531839718,202.3125840482652
2024-05-10 11:30:54+00:00,NKS1336,29.42514038085937,-94.93365361140326,4914.900000000001,159.76794531839718,202.3125840482652
2024-05-10 11:30:55+00:00,NKS1336,29.42329536050053,-94.932861328125,4930.14,159.8182093000183,202.79536473306743
2024-05-10 11:30:57+00:00,NKS1336,29.41973876953125,-94.93138239933891,4945.38,159.8182093000183,202.79536473306743
2024-05-10 11:30:58+00:00,NKS1336,29.417999267578125,-94.93064293494592,4953.0,159.6819068128868,202.97342221328384
2024-05-10 11:30:59+00:00,NKS1336,29.416638390492583,-94.93006089154414,4960.62,159.73221167113596,203.45593558105344
2024-05-10 11:31:01+00:00,NKS1336,29.413240077131885,-94.92866067325366,4975.860000000001,159.73221167113596,203.45593558105344
2024-05-10 11:31:02+00:00,NKS1336,29.411407470703125,-94.92789635291469,4983.4800000000005,159.73221167113596,203.45593558105344
2024-05-10 11:31:04+00:00,NKS1336,29.408165883209744,-94.9265064912684,5006.34,159.78227845088207,203.93860504232595
2024-05-10 11:31:06+00:00,NKS1336,29.404586791992188,-94.92499131422778,5021.58,159.78227845088207,203.93860504232595
2024-05-10 11:31:07+00:00,NKS1336,29.40257961467161,-94.92413689108456,5036.820000000001,159.78227845088207,203.93860504232595
2024-05-10 11:31:08+00:00,NKS1336,29.400787353515625,-94.92340674767128,5044.4400000000005,159.78227845088207,203.93860504232595
2024-05-10 11:31:09+00:00,NKS1336,29.398910522460938,-94.922614464393,5052.06,159.83210876235145,204.4214294914213
2024-05-10 11:31:10+00:00,NKS1336,29.396987915039062,-94.92182218111476,5067.3,159.83210876235145,204.4214294914213
2024-05-10 11:31:12+00:00,NKS1336,29.394991599907307,-94.92101332720593,5074.92,159.83210876235145,204.4214294914213
2024-05-10 11:31:13+00:00,NKS1336,29.39308295815678,-94.92020550896144,5090.16,159.83210876235145,204.4214294914213
2024-05-10 11:31:14+00:00,NKS1336,29.39117431640625,-94.91939251239484,5097.780000000001,159.83210876235145,204.4214294914213
2024-05-10 11:31:15+00:00,NKS1336,29.389544988082623,-94.91869758157168,5105.400000000001,159.69687741439702,204.59936536638756
2024-05-10 11:31:18+00:00,NKS1336,29.38437768968485,-94.91648954503675,5135.88,159.74674821262616,205.08192466010536
2024-05-10 11:31:19+00:00,NKS1336,29.382614135742188,-94.91580082820012,5143.5,159.74674821262616,205.08192466010536
2024-05-10 11:31:20+00:00,NKS1336,29.380746615135063,-94.91498161764709,5151.12,159.74674821262616,205.08192466010536
2024-05-10 11:31:21+00:00,NKS1336,29.37883797338453,-94.9141737994026,5166.360000000001,159.79638483167486,205.56463859700185
2024-05-10 11:31:25+00:00,NKS1336,29.372360229492188,-94.91146967961237,5196.84,159.79638483167486,205.56463859700185
2024-05-10 11:31:28+00:00,NKS1336,29.366775512695312,-94.90909282977763,5219.7,159.71161194935436,206.2253222673389
2024-05-10 11:31:29+00:00,NKS1336,29.365058510990465,-94.90835750804229,5234.9400000000005,159.71161194935436,206.2253222673389
2024-05-10 11:31:30+00:00,NKS1336,29.363196421477756,-94.9076035443474,5242.56,159.71161194935436,206.2253222673389
2024-05-10 11:31:31+00:00,NKS1336,29.36138088420286,-94.9068495806526,5250.18,159.76105606087742,206.7079267323999
2024-05-10 11:31:32+00:00,NKS1336,29.359751555879235,-94.90614947150738,5257.8,159.76105606087742,206.7079267323999
2024-05-10 11:31:33+00:00,NKS1336,29.358029123079977,-94.90544936236216,5265.42,159.76105606087742,206.7079267323999
2024-05-10 11:31:34+00:00,NKS1336,29.35630669028072,-94.90469539866729,5273.04,159.8102697977305,207.1906844165656
2024-05-10 11:31:35+00:00,NKS1336,29.3543701171875,-94.90386376014123,5280.66,159.67686317033704,207.3687965739634
2024-05-10 11:31:36+00:00,NKS1336,29.35267639160156,-94.90317711463342,5288.280000000001,159.67686317033704,207.3687965739634
2024-05-10 11:31:37+00:00,NKS1336,29.350813526218214,-94.90237965303312,5295.900000000001,159.67686317033704,207.3687965739634
2024-05-10 11:31:41+00:00,NKS1336,29.34320068359375,-94.89916287935694,5334.0,159.67686317033704,207.3687965739634
2024-05-10 11:31:43+00:00,NKS1336,29.339401245117188,-94.89757831280048,5356.860000000001,159.77514056883192,208.33394149370864
2024-05-10 11:31:44+00:00,NKS1336,29.337432861328125,-94.89673321063702,5364.4800000000005,159.77514056883192,208.33394149370864
2024-05-10 11:31:45+00:00,NKS1336,29.33564758300781,-94.89599374624396,5372.1,159.77514056883192,208.33394149370864
2024-05-10 11:31:48+00:00,NKS1336,29.331913317664192,-94.8944091796875,5394.96,159.64249552607907,208.51234631812864
2024-05-10 11:31:49+00:00,NKS1336,29.330051228151483,-94.89360136144302,5402.58,159.64249552607907,208.51234631812864
2024-05-10 11:31:54+00:00,NKS1336,29.32099914550781,-94.88981393667363,5448.3,159.74039480019064,209.4772760322572
2024-05-10 11:31:56+00:00,NKS1336,29.317062377929688,-94.88812373234674,5471.16,159.74039480019064,209.4772760322572
2024-05-10 11:31:57+00:00,NKS1336,29.31536865234375,-94.88743708683891,5478.780000000001,159.74039480019064,209.4772760322572
2024-05-10 11:31:58+00:00,NKS1336,29.313851049390887,-94.8867618336397,5486.400000000001,159.78900692371926,209.95996864922492
2024-05-10 11:31:59+00:00,NKS1336,29.31194240764036,-94.88600786994488,5494.02,159.78900692371926,209.95996864922492
2024-05-10 11:32:00+00:00,NKS1336,29.31005859375,-94.88521869365984,5501.64,159.78900692371926,209.95996864922492
2024-05-10 11:32:01+00:00,NKS1336,29.3081251241393,-94.88439223345593,5509.26,159.78900692371926,209.95996864922492
2024-05-10 11:32:08+00:00,NKS1336,29.296371459960938,-94.87925015963036,5570.22,157.99146704349903,211.4089450581509
2024-05-10 11:32:12+00:00,NKS1336,29.289364572298727,-94.87572165096508,5608.320000000001,157.99146704349903,211.4089450581509
2024-05-10 11:32:16+00:00,NKS1336,29.28126448291843,-94.87087474149814,5654.04,151.2252753611782,214.81163482983308
2024-05-10 11:32:17+00:00,NKS1336,29.27958860235699,-94.86974379595593,5661.66,149.45821784784445,215.63121391139973
2024-05-10 11:32:18+00:00,NKS1336,29.278098930746825,-94.86872055951288,5669.280000000001,148.54454676486816,215.89799514256265
2024-05-10 11:32:19+00:00,NKS1336,29.277167885990465,-94.86802045036764,5676.900000000001,148.54454676486816,215.89799514256265
2024-05-10 11:32:20+00:00,NKS1336,29.275259244239937,-94.86667408662686,5684.52,147.51836561349293,216.49537009510095
2024-05-10 11:32:21+00:00,NKS1336,29.27344370696504,-94.86527386833644,5692.14,146.6114864238885,216.87826647933863
2024-05-10 11:32:22+00:00,NKS1336,29.27190748311705,-94.86403521369488,5699.76,145.70802915904974,217.31529722082044
2024-05-10 11:32:23+00:00,NKS1336,29.27102299059852,-94.86333510454966,5707.38,144.80842100482707,217.80613645599212
2024-05-10 11:32:24+00:00,NKS1336,29.269500732421875,-94.86203120304988,5715.0,143.833414651219,217.93489724058216
2024-05-10 11:32:26+00:00,NKS1336,29.26613500562765,-94.85913444967832,5730.240000000001,142.05425173336474,219.19178427429583
2024-05-10 11:32:27+00:00,NKS1336,29.26400756835937,-94.85711904672472,5745.4800000000005,140.12577012752155,219.8668898174115
2024-05-10 11:32:28+00:00,NKS1336,29.26254272460937,-94.85569293682391,5745.4800000000005,140.12577012752155,219.8668898174115
2024-05-10 11:32:29+00:00,NKS1336,29.261107363943324,-94.85428754021144,5753.1,139.16650488554868,220.297391088599
2024-05-10 11:32:30+00:00,NKS1336,29.259431483381885,-94.85251034007354,5760.72,138.2112480181116,220.78939212818776
2024-05-10 11:32:31+00:00,NKS1336,29.258056640625,-94.85104487492488,5768.34,136.3147542913827,221.9562065102216
2024-05-10 11:32:32+00:00,NKS1336,29.25668334960937,-94.8495659461388,5775.96,136.3147542913827,221.9562065102216
2024-05-10 11:32:33+00:00,NKS1336,29.25521850585937,-94.84787574181188,5783.58,134.43829466743344,222.63600542338483
2024-05-10 11:32:34+00:00,NKS1336,29.25384521484375,-94.84620935776655,5791.200000000001,133.4114540588699,223.0748062955854
2024-05-10 11:32:35+00:00,NKS1336,29.25258830442267,-94.84470143037686,5798.820000000001,133.4114540588699,223.0748062955854
2024-05-10 11:32:36+00:00,NKS1336,29.251235961914062,-94.843016404372,5806.4400000000005,131.45852413591962,223.7801834057563
2024-05-10 11:32:38+00:00,NKS1336,29.24937620001324,-94.84050077550552,5821.68,129.62112526332115,225.07145474920128
2024-05-10 11:32:39+00:00,NKS1336,29.247374453787074,-94.83775419347428,5829.3,128.9667469937993,224.96266136079475
2024-05-10 11:32:40+00:00,NKS1336,29.24621064784163,-94.8361385569853,5836.92,128.41451922315068,225.20252502851537
2024-05-10 11:32:41+00:00,NKS1336,29.244918823242188,-94.83424846942609,5852.16,128.41451922315068,225.20252502851537
2024-05-10 11:32:42+00:00,NKS1336,29.243637084960938,-94.83239980844348,5859.780000000001,128.41451922315068,225.20252502851537
2024-05-10 11:32:44+00:00,NKS1336,29.24130249023437,-94.82891376201924,5875.02,127.6004053401129,225.9621703603287
2024-05-10 11:32:50+00:00,NKS1336,29.233874304819917,-94.8178280101103,5928.360000000001,127.33845786394906,226.46582158823944
2024-05-10 11:33:10+00:00,NKS1336,29.20878264863612,-94.78066837086396,6073.14,127.33845786394906,226.46582158823944
2024-05-10 11:33:11+00:00,NKS1336,29.20738608150159,-94.77862189797794,6080.76,127.33845786394906,226.46582158823944
2024-05-10 11:33:12+00:00,NKS1336,29.205596923828125,-94.77598923903248,6096.0,127.33845786394906,226.46582158823944
2024-05-10 11:33:13+00:00,NKS1336,29.204872260659428,-94.77495978860291,6103.62,127.8975144322857,229.47893181179245
2024-05-10 11:33:15+00:00,NKS1336,29.202451544292902,-94.77145924287686,6118.860000000001,127.8975144322857,229.47893181179245
2024-05-10 11:33:16+00:00,NKS1336,29.2012939453125,-94.7697566105769,6126.4800000000005,128.0778396152912,229.39011234269523
2024-05-10 11:33:17+00:00,NKS1336,29.1998291015625,-94.76764385516827,6141.72,128.0778396152912,229.39011234269523
2024-05-10 11:33:18+00:00,NKS1336,29.198226928710938,-94.7652670053335,6149.34,128.0778396152912,229.39011234269523
2024-05-10 11:33:19+00:00,NKS1336,29.197586059570312,-94.76436908428484,6156.96,128.17884763521565,229.70774309815565
2024-05-10 11:33:24+00:00,NKS1336,29.190161753509003,-94.75363338694854,6202.68,128.17884763521565,229.70774309815565
2024-05-10 11:33:27+00:00,NKS1336,29.18682861328125,-94.748787513146,6225.54,128.17884763521565,229.70774309815565
2024-05-10 11:34:09+00:00,NKS1336,29.13127317266949,-94.66929716222428,6568.4400000000005,128.17884763521565,229.70774309815565
2024-05-10 11:34:11+00:00,NKS1336,29.12901306152344,-94.66602032001202,6591.3,128.482727081793,233.9589280644216
2024-05-10 11:35:28+00:00,NKS1336,29.029586791992188,-94.52367342435396,7208.52,128.4596141718034,229.942081532082
2024-05-10 11:35:35+00:00,NKS1336,29.019195556640625,-94.50893695537862,7223.76,128.4596141718034,229.942081532082
2024-05-10 11:35:44+00:00,NKS1336,29.007843017578125,-94.4927215576172,7246.620000000001,128.5460134096466,242.7156387375692
2024-05-10 11:49:52+00:00,NKS1336,27.786346435546875,-92.7804219947671,10675.62,129.31396570347945,253.33690182961044
2024-05-10 11:50:03+00:00,NKS1336,27.76435981362553,-92.75027935321516,10675.62,129.31396570347945,253.33690182961044
2024-05-10 11:50:05+00:00,NKS1336,27.76161323159428,-92.7465292123648,10675.62,129.38779677067515,252.9390938108484
2024-05-10 11:51:02+00:00,NKS1336,27.67982094974841,-92.63455317570612,10668.0,129.3716338145348,252.2150575290604
2024-05-10 11:51:35+00:00,NKS1336,27.63280318955244,-92.5701141357422,10668.0,129.35537779421392,251.49104143376127
2024-05-10 11:51:37+00:00,NKS1336,27.6285203836732,-92.56425123948316,10668.0,129.44588481336962,251.8175792198219
2024-05-10 11:51:39+00:00,NKS1336,27.625773801641948,-92.5605010986328,10660.38,129.44588481336962,251.8175792198219
2024-05-10 11:51:41+00:00,NKS1336,27.623016357421875,-92.5567051149764,10660.38,129.35537779421392,251.49104143376127
2024-05-10 11:51:43+00:00,NKS1336,27.620040893554688,-92.55261115308076,10660.38,129.35537779421392,251.49104143376127
2024-05-10 11:51:44+00:00,NKS1336,27.61875915527344,-92.55084919479656,10660.38,129.35537779421392,251.49104143376127
2024-05-10 11:51:45+00:00,NKS1336,27.617202758789062,-92.54872448039504,10660.38,129.35537779421392,251.49104143376127
2024-05-10 11:51:47+00:00,NKS1336,27.61576507051112,-92.54682100736176,10660.38,129.35537779421392,251.49104143376127
2024-05-10 11:51:48+00:00,NKS1336,27.6128322795286,-92.54275395320012,10660.38,129.35537779421392,251.49104143376127
2024-05-10 11:51:49+00:00,NKS1336,27.61143493652344,-92.54089931272108,10660.38,129.35537779421392,251.49104143376127
2024-05-10 11:51:56+00:00,NKS1336,27.60156663797669,-92.52738365760216,10660.38,129.35537779421392,251.49104143376127
2024-05-10 11:52:37+00:00,NKS1336,27.542312622070312,-92.44663454451651,10660.38,129.5203704583438,251.42052515483616
2024-05-10 11:52:41+00:00,NKS1336,27.536672818458687,-92.43896484375,10660.38,129.5203704583438,251.42052515483616
2024-05-10 11:52:43+00:00,NKS1336,27.53379821777344,-92.43502634876177,10660.38,129.5203704583438,251.42052515483616
2024-05-10 11:52:45+00:00,NKS1336,27.53109741210937,-92.43139878758842,10660.38,129.44588481336962,251.8175792198219
2024-05-10 11:52:49+00:00,NKS1336,27.525650024414062,-92.42398819833431,10660.38,129.44588481336962,251.8175792198219
2024-05-10 11:54:44+00:00,NKS1336,27.35912258342161,-92.19763535719652,10668.0,129.44588481336962,251.8175792198219
2024-05-10 11:54:48+00:00,NKS1336,27.3533935546875,-92.18985503574584,10668.0,129.55185348738542,252.86898134320265
2024-05-10 11:54:49+00:00,NKS1336,27.352000091035485,-92.18791668231673,10668.0,129.55185348738542,252.86898134320265
2024-05-10 11:54:50+00:00,NKS1336,27.35064697265625,-92.18612382996758,10668.0,129.55185348738542,252.86898134320265
2024-05-10 11:54:51+00:00,NKS1336,27.349365234375,-92.18436187168334,10668.0,129.55185348738542,252.86898134320265
2024-05-10 11:54:57+00:00,NKS1336,27.340641345007946,-92.17259920560394,10668.0,129.55185348738542,252.86898134320265
2024-05-10 12:49:07+00:00,,21.73017883300781,-87.54685280539769,3520.44,137.55289814717176,171.50439602180518
2024-05-10 12:49:10+00:00,,21.7269287109375,-87.54365678267044,3497.5800000000004,137.57473521123796,170.05078512769367
2024-05-10 12:49:15+00:00,,21.72125244140625,-87.53811368075282,3459.48,137.5857943424245,169.3239890629508
2024-05-10 12:49:16+00:00,NKS1336,21.72010803222656,-87.53696511008519,3451.86,137.46811791382854,168.94453748807427
2024-05-10 12:49:17+00:00,NKS1336,21.71910095214844,-87.53596635298295,3444.24,137.46811791382854,168.94453748807427
2024-05-10 12:49:18+00:00,NKS1336,21.718062061374468,-87.53494262695312,3436.6200000000003,137.59694882155244,168.59719936093862
2024-05-10 12:49:19+00:00,NKS1336,21.716805150953387,-87.53377278645831,3429.0,137.59694882155244,168.59719936093862
2024-05-10 12:49:20+00:00,NKS1336,21.715548240532307,-87.53255208333331,3421.38,137.47878910857835,168.21768162853567
2024-05-10 12:49:21+00:00,NKS1336,21.714385986328125,-87.5313720703125,3413.76,137.47878910857835,168.21768162853567
2024-05-10 12:49:22+00:00,NKS1336,21.71324157714844,-87.5302734375,3406.1400000000003,137.47878910857835,168.21768162853567
2024-05-10 12:49:23+00:00,NKS1336,21.71205139160156,-87.52907492897725,3390.9,137.47878910857835,168.21768162853567
2024-05-10 12:49:24+00:00,NKS1336,21.7108154296875,-87.5278764204545,3383.28,137.47878910857835,168.21768162853567
2024-05-10 12:49:25+00:00,NKS1336,21.709729210805083,-87.52680460611975,3375.6600000000003,137.47878910857835,168.21768162853567
2024-05-10 12:49:26+00:00,NKS1336,21.708526611328125,-87.52557927911931,3368.04,137.36009553466295,167.83888255665008
2024-05-10 12:49:27+00:00,NKS1336,21.70744815115201,-87.52456665039062,3360.42,137.36009553466295,167.83888255665008
2024-05-10 12:49:28+00:00,NKS1336,21.70623779296875,-87.52334594726562,3345.1800000000003,137.36009553466295,167.83888255665008
2024-05-10 12:49:29+00:00,NKS1336,21.705230712890625,-87.522383256392,3337.56,137.36009553466295,167.83888255665008
2024-05-10 12:49:30+00:00,NKS1336,21.704049837791317,-87.52120971679688,3329.94,137.36009553466295,167.83888255665008
2024-05-10 12:49:31+00:00,NKS1336,21.703033447265625,-87.520185990767,3322.32,137.23117460803124,168.187786752107
2024-05-10 12:49:32+00:00,NKS1336,21.70195498708951,-87.51912434895831,3314.7000000000003,137.36009553466295,167.83888255665008
2024-05-10 12:49:33+00:00,NKS1336,21.700884285619704,-87.51805623372394,3307.0800000000004,137.36009553466295,167.83888255665008
2024-05-10 12:49:36+00:00,NKS1336,21.6976318359375,-87.51484264026988,3276.6000000000004,137.111902593866,167.81049729744586
2024-05-10 12:49:37+00:00,NKS1336,21.6964152707892,-87.51363118489581,3268.98,137.111902593866,167.81049729744586
2024-05-10 12:49:38+00:00,NKS1336,21.695388793945312,-87.51259543678975,3253.74,137.111902593866,167.81049729744586
2024-05-10 12:49:39+00:00,NKS1336,21.69436697232521,-87.5115966796875,3246.1200000000003,137.111902593866,167.81049729744586
2024-05-10 12:49:40+00:00,NKS1336,21.693342823093214,-87.51057942708331,3238.5,137.111902593866,167.81049729744586
2024-05-10 12:49:41+00:00,NKS1336,21.692179017147776,-87.5094095865885,3230.88,137.111902593866,167.81049729744586
2024-05-10 12:49:42+00:00,NKS1336,21.691108315677965,-87.50834147135413,3215.6400000000003,137.111902593866,167.81049729744586
2024-05-10 12:49:43+00:00,NKS1336,21.69045658434852,-87.50773111979163,3215.6400000000003,137.111902593866,167.81049729744586
2024-05-10 12:49:44+00:00,NKS1336,21.688705444335938,-87.50595370205963,3200.4,137.24086549921356,167.4608070221472
2024-05-10 12:49:45+00:00,NKS1336,21.687469482421875,-87.50475519353694,3192.78,137.24086549921356,167.4608070221472
2024-05-10 12:49:46+00:00,NKS1336,21.68635998742055,-87.503662109375,3192.78,137.24086549921356,167.4608070221472
2024-05-10 12:49:47+00:00,NKS1336,21.685455322265625,-87.50275767933238,3185.1600000000003,137.25064089703753,166.73383212462306
2024-05-10 12:49:48+00:00,NKS1336,21.68417358398437,-87.50145929509944,3177.54,137.25064089703753,166.73383212462306
2024-05-10 12:49:49+00:00,NKS1336,21.683074951171875,-87.500410600142,3177.54,137.25064089703753,166.73383212462306
2024-05-10 12:49:50+00:00,NKS1336,21.68197631835937,-87.4993119673295,3169.92,137.26050191114126,166.0068621230209
2024-05-10 12:49:51+00:00,NKS1336,21.68096923828125,-87.49831321022725,3169.92,137.26050191114126,166.0068621230209
2024-05-10 12:49:52+00:00,NKS1336,21.67998233083951,-87.49735514322913,3162.3,137.2704496706651,165.27989708194377
2024-05-10 12:49:53+00:00,NKS1336,21.678865077131885,-87.49623616536456,3162.3,137.2704496706651,165.27989708194377
2024-05-10 12:49:55+00:00,NKS1336,21.676666259765625,-87.49406849254262,3154.6800000000003,137.28048532468188,164.55293706713564
2024-05-10 12:49:56+00:00,NKS1336,21.675652972722457,-87.49308268229163,3154.6800000000003,137.28048532468188,164.55293706713564
2024-05-10 12:49:57+00:00,NKS1336,21.67451477050781,-87.49197110262782,3147.06,137.41236465911334,164.20436811791828
2024-05-10 12:49:58+00:00,NKS1336,21.67365122649629,-87.4910990397135,3147.06,137.42309737919632,163.47748206643757
2024-05-10 12:49:59+00:00,NKS1336,21.672533972788663,-87.49003092447913,3139.44,137.42309737919632,163.47748206643757
2024-05-10 12:50:00+00:00,NKS1336,21.671602928032307,-87.48906453450519,3139.44,137.433925969076,162.750601802502
2024-05-10 12:50:01+00:00,NKS1336,21.67030334472656,-87.48782626065338,3131.82,137.433925969076,162.750601802502
2024-05-10 12:50:02+00:00,NKS1336,21.6692287639036,-87.48677571614581,3131.82,137.4448517182636,162.02372740400477
2024-05-10 12:50:03+00:00,NKS1336,21.66801840572034,-87.48555501302081,3124.2000000000003,137.4448517182636,162.02372740400477
2024-05-10 12:50:04+00:00,NKS1336,21.66694770425053,-87.48453776041663,3124.2000000000003,137.45587593948648,161.2968589502427
2024-05-10 12:50:05+00:00,NKS1336,21.66587700278072,-87.48346964518225,3124.2000000000003,137.45587593948648,161.2968589502427
2024-05-10 12:50:06+00:00,NKS1336,21.664852853548727,-87.48245239257812,3116.5800000000004,137.4669999692127,160.56999652194756
2024-05-10 12:50:07+00:00,NKS1336,21.663803100585938,-87.48143421519887,3116.5800000000004,137.4669999692127,160.56999652194756
2024-05-10 12:50:08+00:00,NKS1336,21.66279602050781,-87.48043545809657,3108.96,137.34261200649826,160.1912863619143
2024-05-10 12:50:09+00:00,NKS1336,21.661834716796875,-87.47948663884944,3108.96,137.47822516819002,159.8431402013192
2024-05-10 12:50:10+00:00,NKS1336,21.660663152145126,-87.47838338216144,3101.34,137.3532968661083,159.4643634731705
2024-05-10 12:50:11+00:00,NKS1336,21.659685555150958,-87.47736612955725,3101.34,137.48955292199915,159.11629007205843
2024-05-10 12:50:12+00:00,NKS1336,21.65866140591896,-87.47634887695312,3101.34,137.36407958591948,158.737446180914
2024-05-10 12:50:13+00:00,NKS1336,21.657683808924787,-87.47543334960938,3093.7200000000003,137.36407958591948,158.737446180914
2024-05-10 12:50:14+00:00,NKS1336,21.656570434570312,-87.47429310191762,3093.7200000000003,137.51252176402917,157.66260873015773
2024-05-10 12:50:15+00:00,NKS1336,21.655402749271715,-87.47319539388019,3086.1000000000004,137.38594403038883,157.28362869624564
2024-05-10 12:50:16+00:00,NKS1336,21.654327392578125,-87.47214577414769,3086.1000000000004,137.52416575277428,156.93577769274057
2024-05-10 12:50:17+00:00,NKS1336,21.653366088867188,-87.47114701704544,3078.48,137.52416575277428,156.93577769274057
2024-05-10 12:50:18+00:00,NKS1336,21.6522216796875,-87.47004838423294,3070.86,137.3970285300596,156.55672866262643
2024-05-10 12:50:20+00:00,NKS1336,21.65018889863612,-87.46805826822913,3063.24,137.40821644112822,155.82983454314694
2024-05-10 12:50:21+00:00,NKS1336,21.6492919921875,-87.46720192649144,3063.24,137.40821644112822,155.82983454314694
2024-05-10 12:50:22+00:00,NKS1336,21.64814758300781,-87.46605335582387,3055.6200000000003,137.40821644112822,155.82983454314694
2024-05-10 12:50:23+00:00,NKS1336,21.647186279296875,-87.46510453657669,3048.0,137.40821644112822,155.82983454314694
2024-05-10 12:50:24+00:00,NKS1336,21.64617919921875,-87.4641557173295,3040.38,137.40821644112822,155.82983454314694
2024-05-10 12:50:25+00:00,NKS1336,21.64521789550781,-87.46320689808238,3040.38,137.95631065750365,155.17118353223088
2024-05-10 12:50:27+00:00,NKS1336,21.64301985401218,-87.46109008789062,3025.1400000000003,138.49259316085605,155.25302847671068
2024-05-10 12:50:28+00:00,NKS1336,21.642013549804688,-87.46016068892044,3017.52,138.90354349909978,154.96040461807232
2024-05-10 12:50:29+00:00,NKS1336,21.6409715555482,-87.45920817057288,3009.9,138.90354349909978,154.96040461807232
2024-05-10 12:50:30+00:00,NKS1336,21.6397705078125,-87.45816317471588,3002.28,139.97555814909884,155.18568005292434
2024-05-10 12:50:31+00:00,NKS1336,21.63862609863281,-87.45716441761363,2994.6600000000003,140.3893117599734,154.9219727188031
2024-05-10 12:50:32+00:00,NKS1336,21.6375732421875,-87.45625813802081,2987.04,140.9245819819825,155.06540321032418
2024-05-10 12:50:33+00:00,NKS1336,21.63645598847987,-87.45529174804688,2979.42,141.0724564072077,154.7416425088537
2024-05-10 12:50:34+00:00,NKS1336,21.635238647460938,-87.454268022017,2971.8,141.34019174590992,154.8202957244895
2024-05-10 12:50:35+00:00,NKS1336,21.63414001464844,-87.45331920276988,2964.1800000000003,141.48916639592758,154.4994473527086
2024-05-10 12:50:36+00:00,NKS1336,21.63301112288136,-87.452392578125,2964.1800000000003,141.48916639592758,154.4994473527086
2024-05-10 12:50:37+00:00,NKS1336,21.631940421411542,-87.451426188151,2956.56,141.63876006742603,154.17964781910956
2024-05-10 12:50:38+00:00,NKS1336,21.63082316770392,-87.45051066080725,2948.94,141.63876006742603,154.17964781910956
2024-05-10 12:50:39+00:00,NKS1336,21.62983703613281,-87.44967373934657,2941.32,141.63876006742603,154.17964781910956
2024-05-10 12:50:40+00:00,NKS1336,21.6287841796875,-87.4487748579545,2933.7000000000003,141.63876006742603,154.17964781910956
2024-05-10 12:50:42+00:00,NKS1336,21.6265869140625,-87.44692715731532,2926.08,141.7889745744388,153.86090366371567
2024-05-10 12:50:44+00:00,NKS1336,21.624631720074152,-87.44527180989581,2910.84,141.67016379130754,153.45701545758806
2024-05-10 12:50:46+00:00,NKS1336,21.622629973847985,-87.44359334309894,2903.2200000000003,141.5507264711007,153.05379059449623
2024-05-10 12:50:47+00:00,NKS1336,21.62164306640625,-87.44273237748575,2895.6000000000004,141.5507264711007,153.05379059449623
2024-05-10 12:50:48+00:00,NKS1336,21.620590209960938,-87.44183349609375,2887.98,141.5507264711007,153.05379059449623
2024-05-10 12:50:49+00:00,NKS1336,21.61941786943856,-87.44084676106769,2880.36,141.4306586910135,152.65123433105828
2024-05-10 12:50:50+00:00,NKS1336,21.61834716796875,-87.43993123372394,2880.36,141.581944655178,152.33102941503572
2024-05-10 12:50:51+00:00,NKS1336,21.61732301873676,-87.43906656901038,2872.74,141.581944655178,152.33102941503572
2024-05-10 12:50:52+00:00,NKS1336,21.6163330078125,-87.43823797052556,2865.1200000000003,141.46138834888856,151.9283000476031
2024-05-10 12:50:53+00:00,NKS1336,21.61536782474841,-87.4373881022135,2865.1200000000003,141.46138834888856,151.9283000476031
2024-05-10 12:50:54+00:00,NKS1336,21.614250571040785,-87.43647257486975,2857.5,141.46138834888856,151.9283000476031
2024-05-10 12:50:55+00:00,NKS1336,21.61317443847656,-87.43554132634944,2849.88,141.46138834888856,151.9283000476031
2024-05-10 12:50:56+00:00,NKS1336,21.61201606362553,-87.43453979492188,2842.26,141.49241184343876,151.20540988479846
2024-05-10 12:50:57+00:00,NKS1336,21.61093139648437,-87.43359375,2834.6400000000003,141.49241184343876,151.20540988479846
2024-05-10 12:50:58+00:00,NKS1336,21.6097412109375,-87.43259499289769,2834.6400000000003,141.370716931894,150.80318438831614
2024-05-10 12:50:59+00:00,NKS1336,21.60873413085937,-87.43174604936075,2827.02,141.370716931894,150.80318438831614
2024-05-10 12:51:00+00:00,NKS1336,21.60777980998411,-87.43092854817706,2819.4,141.370716931894,150.80318438831614
2024-05-10 12:51:01+00:00,NKS1336,21.606719970703125,-87.43004816228694,2811.78,141.24837166503823,150.40164284389093
2024-05-10 12:51:02+00:00,NKS1336,21.605758666992188,-87.42919921875,2811.78,141.24837166503823,150.40164284389093
2024-05-10 12:51:03+00:00,NKS1336,21.604195287672137,-87.42787679036456,2796.54,141.24837166503823,150.40164284389093
2024-05-10 12:51:04+00:00,NKS1336,21.602691650390625,-87.42655251242894,2788.92,141.24837166503823,150.40164284389093
2024-05-10 12:51:05+00:00,NKS1336,21.60158836235434,-87.42563883463538,2781.3,141.12537194019973,150.00079074419725
2024-05-10 12:51:06+00:00,NKS1336,21.60072326660156,-87.42485462535512,2773.6800000000003,141.27868261278883,149.67845207059634
2024-05-10 12:51:07+00:00,NKS1336,21.59971618652344,-87.42405561967325,2766.06,141.27868261278883,149.67845207059634
2024-05-10 12:51:08+00:00,NKS1336,21.598617553710938,-87.423056862571,2766.06,141.27868261278883,149.67845207059634
2024-05-10 12:51:09+00:00,NKS1336,21.597491765426376,-87.42207845052081,2750.82,141.27868261278883,149.67845207059634
2024-05-10 12:51:10+00:00,NKS1336,21.596514168432204,-87.4212646484375,2750.82,141.27868261278883,149.67845207059634
2024-05-10 12:51:11+00:00,NKS1336,21.59555053710937,-87.42046009410512,2743.2000000000003,141.27868261278883,149.67845207059634
2024-05-10 12:51:12+00:00,NKS1336,21.594497680664062,-87.41951127485794,2735.58,141.155168343274,149.27743089044372
2024-05-10 12:51:14+00:00,NKS1336,21.5923244670286,-87.41765340169269,2727.96,141.03098924565217,148.8771071639655
2024-05-10 12:51:15+00:00,NKS1336,21.59120721332097,-87.41668701171875,2720.34,141.03098924565217,148.8771071639655
2024-05-10 12:51:16+00:00,NKS1336,21.590057373046875,-87.41571599786931,2712.7200000000003,141.18525491558233,148.5541118015065
2024-05-10 12:51:17+00:00,NKS1336,21.589019258143537,-87.414805094401,2705.1,141.18525491558233,148.5541118015065
2024-05-10 12:51:18+00:00,NKS1336,21.58808898925781,-87.41401811079544,2705.1,141.21563589970268,147.83083407575813
2024-05-10 12:51:19+00:00,NKS1336,21.586990356445312,-87.41306929154825,2697.48,141.21563589970268,147.83083407575813
2024-05-10 12:51:20+00:00,NKS1336,21.585983276367188,-87.41217041015625,2697.48,141.37139859441064,147.50913602104282
2024-05-10 12:51:21+00:00,NKS1336,21.584976196289062,-87.41132146661931,2689.86,141.37139859441064,147.50913602104282
2024-05-10 12:51:22+00:00,NKS1336,21.58385195974576,-87.41038004557288,2689.86,141.37139859441064,147.50913602104282
2024-05-10 12:51:23+00:00,NKS1336,21.58282781051377,-87.40951538085938,2682.24,141.527841007885,147.18853291297174
2024-05-10 12:51:24+00:00,NKS1336,21.581817626953125,-87.40867476029825,2682.24,141.40291288069517,146.78611819872194
2024-05-10 12:51:25+00:00,NKS1336,21.58076477050781,-87.40777587890625,2682.24,141.5601964005713,146.46573938128293
2024-05-10 12:51:27+00:00,NKS1336,21.57882431806144,-87.40610758463538,2674.6200000000003,141.71816831555236,146.14646911376573
2024-05-10 12:51:28+00:00,NKS1336,21.577660512115997,-87.40514119466144,2674.6200000000003,141.87683073743682,145.82831467720575
2024-05-10 12:51:29+00:00,NKS1336,21.576644897460938,-87.40428022904825,2667.0,141.87683073743682,145.82831467720575
2024-05-10 12:51:30+00:00,NKS1336,21.57561221365201,-87.40341186523438,2667.0,141.87683073743682,145.82831467720575
2024-05-10 12:51:31+00:00,NKS1336,21.57463461665784,-87.402598063151,2667.0,142.03618575416408,145.51128339075868
2024-05-10 12:51:32+00:00,NKS1336,21.5737501241393,-87.40183512369788,2659.38,142.03618575416408,145.51128339075868
2024-05-10 12:51:33+00:00,NKS1336,21.572586318193856,-87.40091959635413,2659.38,142.03618575416408,145.51128339075868
2024-05-10 12:51:34+00:00,NKS1336,21.571701049804688,-87.40018532492894,2659.38,142.03618575416408,145.51128339075868
2024-05-10 12:51:35+00:00,NKS1336,21.570724228681144,-87.39934285481769,2659.38,142.03618575416408,145.51128339075868
2024-05-10 12:51:36+00:00,NKS1336,21.56977844238281,-87.39853737571019,2651.76,142.03618575416408,145.51128339075868
2024-05-10 12:51:37+00:00,NKS1336,21.568771362304688,-87.39768843217325,2651.76,142.16044972689113,145.91721392368163
2024-05-10 12:51:39+00:00,NKS1336,21.566627631753175,-87.39593505859375,2644.1400000000003,142.16044972689113,145.91721392368163
2024-05-10 12:51:40+00:00,NKS1336,21.56561279296875,-87.39509166370738,2644.1400000000003,142.16044972689113,145.91721392368163
2024-05-10 12:51:42+00:00,NKS1336,21.56341552734375,-87.39329020182288,2636.52,142.16044972689113,145.91721392368163
2024-05-10 12:51:43+00:00,NKS1336,21.56243793034957,-87.39247639973956,2636.52,142.16044972689113,145.91721392368163
2024-05-10 12:51:44+00:00,NKS1336,21.561309814453125,-87.39154607599431,2636.52,142.16044972689113,145.91721392368163
2024-05-10 12:51:45+00:00,NKS1336,21.560211181640625,-87.39059725674713,2628.9,142.16044972689113,145.91721392368163
2024-05-10 12:51:46+00:00,NKS1336,21.559158325195312,-87.38974831321019,2628.9,142.16044972689113,145.91721392368163
2024-05-10 12:51:47+00:00,NKS1336,21.558062019994704,-87.38886515299475,2628.9,142.16044972689113,145.91721392368163
2024-05-10 12:51:48+00:00,NKS1336,21.55689821404926,-87.38784790039062,2621.28,142.16044972689113,145.91721392368163
2024-05-10 12:51:50+00:00,NKS1336,21.555734408103813,-87.38688151041663,2621.28,142.03618575416408,145.51128339075868
2024-05-10 12:51:51+00:00,NKS1336,21.554031372070312,-87.38545365767044,2613.6600000000003,142.03618575416408,145.51128339075868
2024-05-10 12:51:52+00:00,NKS1336,21.5535930051642,-87.38510131835938,2613.6600000000003,142.03618575416408,145.51128339075868
2024-05-10 12:51:53+00:00,NKS1336,21.5526123046875,-87.38425514914769,2613.6600000000003,142.03618575416408,145.51128339075868
2024-05-10 12:51:54+00:00,NKS1336,21.55154470670021,-87.3834228515625,2606.04,142.03618575416408,145.51128339075868
2024-05-10 12:51:55+00:00,NKS1336,21.550506591796875,-87.38250732421875,2606.04,142.03618575416408,145.51128339075868
2024-05-10 12:51:56+00:00,NKS1336,21.54940330376059,-87.381591796875,2606.04,142.03618575416408,145.51128339075868
2024-05-10 12:51:57+00:00,NKS1336,21.547820527674787,-87.38026936848956,2598.42,141.91122711902466,145.1060411356473
2024-05-10 12:51:58+00:00,NKS1336,21.547401557534428,-87.37991333007812,2598.42,141.91122711902466,145.1060411356473
2024-05-10 12:51:59+00:00,NKS1336,21.546295166015625,-87.37901167436075,2598.42,141.91122711902466,145.1060411356473
2024-05-10 12:52:00+00:00,NKS1336,21.54512049788136,-87.37803141276038,2590.8,141.91122711902466,145.1060411356473
2024-05-10 12:52:01+00:00,NKS1336,21.54414290088718,-87.37716674804688,2590.8,141.91122711902466,145.1060411356473
2024-05-10 12:52:02+00:00,NKS1336,21.54316530389301,-87.37640380859375,2590.8,141.91122711902466,145.1060411356473
2024-05-10 12:52:03+00:00,NKS1336,21.541582527807204,-87.37508138020831,2583.1800000000003,141.91122711902466,145.1060411356473
2024-05-10 12:52:04+00:00,NKS1336,21.541023900953387,-87.37457275390625,2583.1800000000003,141.9459676207628,144.3838204129629
2024-05-10 12:52:05+00:00,NKS1336,21.540069580078125,-87.37376819957387,2583.1800000000003,141.9459676207628,144.3838204129629
2024-05-10 12:52:06+00:00,NKS1336,21.53901672363281,-87.37291925603694,2575.56,141.9459676207628,144.3838204129629
2024-05-10 12:52:07+00:00,NKS1336,21.5379638671875,-87.37202037464488,2575.56,141.8197769139609,143.9790810763624
2024-05-10 12:52:08+00:00,NKS1336,21.53700256347656,-87.37122136896306,2575.56,141.9810574068298,143.6616533057511
2024-05-10 12:52:09+00:00,NKS1336,21.535996259269066,-87.37035115559894,2575.56,141.9810574068298,143.6616533057511
2024-05-10 12:52:10+00:00,NKS1336,21.534942626953125,-87.36947354403407,2567.94,141.9810574068298,143.6616533057511
2024-05-10 12:52:11+00:00,NKS1336,21.533854856329448,-87.36857096354163,2567.94,141.9810574068298,143.6616533057511
2024-05-10 12:52:12+00:00,NKS1336,21.53231863248146,-87.36729939778644,2560.32,141.9810574068298,143.6616533057511
2024-05-10 12:52:13+00:00,NKS1336,21.531234741210938,-87.366377397017,2560.32,141.9810574068298,143.6616533057511
2024-05-10 12:52:14+00:00,NKS1336,21.530782408633478,-87.36602783203125,2560.32,141.9810574068298,143.6616533057511
2024-05-10 12:52:15+00:00,NKS1336,21.529586791992188,-87.36502907492894,2552.7000000000003,141.9810574068298,143.6616533057511
2024-05-10 12:52:16+00:00,NKS1336,21.528533935546875,-87.36413019353694,2545.08,141.9810574068298,143.6616533057511
2024-05-10 12:52:17+00:00,NKS1336,21.527023315429688,-87.36288174715907,2537.46,141.9810574068298,143.6616533057511
2024-05-10 12:52:18+00:00,NKS1336,21.5264064982786,-87.36236572265625,2537.46,141.9810574068298,143.6616533057511
2024-05-10 12:52:19+00:00,NKS1336,21.525475453522244,-87.36160278320312,2529.84,142.14305090276423,143.34536887792427
2024-05-10 12:52:20+00:00,NKS1336,21.524358199814618,-87.36063639322913,2522.2200000000003,142.26888492164753,143.75189246822856
2024-05-10 12:52:21+00:00,NKS1336,21.52347370729608,-87.35992431640625,2522.2200000000003,142.26888492164753,143.75189246822856
2024-05-10 12:52:22+00:00,NKS1336,21.52244955806409,-87.35905965169269,2514.6,142.14305090276423,143.34536887792427
2024-05-10 12:52:23+00:00,NKS1336,21.5209133342161,-87.3577880859375,2506.98,142.14305090276423,143.34536887792427
2024-05-10 12:52:24+00:00,NKS1336,21.52007539393538,-87.35707600911456,2499.36,142.14305090276423,143.34536887792427
2024-05-10 12:52:25+00:00,NKS1336,21.519609871557204,-87.35671997070312,2499.36,142.14305090276423,143.34536887792427
2024-05-10 12:52:26+00:00,NKS1336,21.518120199947035,-87.35549926757812,2491.74,142.14305090276423,143.34536887792427
2024-05-10 12:52:27+00:00,NKS1336,21.517002946239405,-87.35453287760413,2484.1200000000003,142.01650174472292,142.93954062664912
2024-05-10 12:52:28+00:00,NKS1336,21.51583914029396,-87.35356648763019,2476.5,142.01650174472292,142.93954062664912
2024-05-10 12:52:29+00:00,NKS1336,21.515213012695312,-87.35304398970169,2476.5,142.01650174472292,142.93954062664912
2024-05-10 12:52:30+00:00,NKS1336,21.5137939453125,-87.35184548117894,2468.88,141.8892325790252,142.5344136537736
2024-05-10 12:52:31+00:00,NKS1336,21.513232214976163,-87.35143025716144,2461.26,141.8892325790252,142.5344136537736
2024-05-10 12:52:32+00:00,NKS1336,21.512301170219807,-87.35061645507812,2453.6400000000003,141.8892325790252,142.5344136537736
2024-05-10 12:52:33+00:00,NKS1336,21.51123046875,-87.34974809126419,2453.6400000000003,142.0523060078412,142.21748320473705
2024-05-10 12:52:34+00:00,NKS1336,21.51011321504237,-87.34878540039062,2446.02,141.92449105416387,141.81215968814348
2024-05-10 12:52:35+00:00,NKS1336,21.509042513572563,-87.34786987304688,2438.4,141.92449105416387,141.81215968814348
2024-05-10 12:52:36+00:00,NKS1336,21.508064916578387,-87.3470560709635,2430.78,141.92449105416387,141.81215968814348
2024-05-10 12:52:37+00:00,NKS1336,21.50718042405985,-87.34629313151038,2430.78,141.92449105416387,141.81215968814348
2024-05-10 12:52:38+00:00,NKS1336,21.505645751953125,-87.3450539328835,2423.1600000000003,141.92449105416387,141.81215968814348
2024-05-10 12:52:39+00:00,NKS1336,21.505132125595868,-87.3446146647135,2415.54,141.92449105416387,141.81215968814348
2024-05-10 12:52:40+00:00,NKS1336,21.50410797636388,-87.34375,2407.92,141.79594401601895,141.40754593372878
2024-05-10 12:52:41+00:00,NKS1336,21.502716064453125,-87.34260697798294,2400.3,141.96011049928697,141.0899599749129
2024-05-10 12:52:42+00:00,NKS1336,21.502199334613348,-87.3421732584635,2400.3,141.96011049928697,141.0899599749129
2024-05-10 12:52:43+00:00,NKS1336,21.50115966796875,-87.34125865589488,2392.6800000000003,141.96011049928697,141.0899599749129
2024-05-10 12:52:44+00:00,NKS1336,21.50019758838718,-87.34049479166663,2385.06,141.96011049928697,141.0899599749129
2024-05-10 12:52:45+00:00,NKS1336,21.499080334679554,-87.33952840169269,2385.06,141.96011049928697,141.0899599749129
2024-05-10 12:52:46+00:00,NKS1336,21.49800109863281,-87.33866188742894,2377.44,141.83100594935152,140.68515032712193
2024-05-10 12:52:47+00:00,NKS1336,21.49703203621557,-87.33779907226562,2369.82,141.99609645827533,140.367815351476
2024-05-10 12:52:48+00:00,NKS1336,21.496078491210938,-87.33701393821019,2362.2000000000003,141.99609645827533,140.367815351476
2024-05-10 12:52:49+00:00,NKS1336,21.494659423828125,-87.33586536754262,2354.58,141.99609645827533,140.367815351476
2024-05-10 12:52:50+00:00,NKS1336,21.49386648404396,-87.335205078125,2354.58,141.99609645827533,140.367815351476
2024-05-10 12:52:51+00:00,NKS1336,21.492965698242188,-87.33446710759944,2346.96,141.99609645827533,140.367815351476
2024-05-10 12:52:52+00:00,NKS1336,21.492050946769066,-87.33367919921875,2339.34,142.1619337274998,140.05165102841704
2024-05-10 12:52:53+00:00,NKS1336,21.49067687988281,-87.33251953125,2331.7200000000003,142.1619337274998,140.05165102841704
2024-05-10 12:52:54+00:00,NKS1336,21.489769887115997,-87.331797281901,2324.1,142.03245458853291,139.6457266724842
2024-05-10 12:52:55+00:00,NKS1336,21.488845825195312,-87.33102139559657,2324.1,142.03245458853291,139.6457266724842
2024-05-10 12:52:56+00:00,NKS1336,21.487838745117188,-87.33017245205963,2316.48,142.03245458853291,139.6457266724842
2024-05-10 12:52:57+00:00,NKS1336,21.486968994140625,-87.32942338423294,2308.86,142.03245458853291,139.6457266724842
2024-05-10 12:52:58+00:00,NKS1336,21.486007690429688,-87.32862437855113,2308.86,141.90222118079123,139.24051962430005
2024-05-10 12:52:59+00:00,NKS1336,21.485137939453125,-87.3279252485795,2301.24,141.90222118079123,139.24051962430005
2024-05-10 12:53:00+00:00,NKS1336,21.4837646484375,-87.32677667791194,2293.62,141.90222118079123,139.24051962430005
2024-05-10 12:53:01+00:00,NKS1336,21.483159469345868,-87.32625325520831,2286.0,141.90222118079123,139.24051962430005
2024-05-10 12:53:02+00:00,NKS1336,21.48202514648437,-87.3252785422585,2286.0,141.90222118079123,139.24051962430005
2024-05-10 12:53:03+00:00,NKS1336,21.481201171875,-87.32457941228694,2278.38,142.06919066389176,138.92369481029073
2024-05-10 12:53:04+00:00,NKS1336,21.480148315429688,-87.32373046875,2270.76,142.06919066389176,138.92369481029073
2024-05-10 12:53:05+00:00,NKS1336,21.479155976893537,-87.32289632161456,2263.1400000000003,142.06919066389176,138.92369481029073
2024-05-10 12:53:06+00:00,NKS1336,21.4779052734375,-87.32188276811075,2255.52,142.06919066389176,138.92369481029073
2024-05-10 12:53:07+00:00,NKS1336,21.47682836500265,-87.32096354166663,2255.52,142.06919066389176,138.92369481029073
2024-05-10 12:53:08+00:00,NKS1336,21.476409394862287,-87.32060750325519,2247.9,142.1063105776065,138.20172065541
2024-05-10 12:53:09+00:00,NKS1336,21.475387573242188,-87.31973544034088,2240.28,142.1063105776065,138.20172065541
2024-05-10 12:53:10+00:00,NKS1336,21.47383117675781,-87.31848699396306,2232.6600000000003,142.1063105776065,138.20172065541
2024-05-10 12:53:11+00:00,NKS1336,21.47332763671875,-87.318037553267,2232.6600000000003,142.1063105776065,138.20172065541
2024-05-10 12:53:12+00:00,NKS1336,21.472457885742188,-87.31728848544032,2225.04,142.1063105776065,138.20172065541
2024-05-10 12:53:13+00:00,NKS1336,21.47114899198888,-87.31623331705725,2217.42,142.1063105776065,138.20172065541
2024-05-10 12:53:14+00:00,NKS1336,21.47021484375,-87.31544078480113,2217.42,142.1063105776065,138.20172065541
2024-05-10 12:53:15+00:00,NKS1336,21.46919379800053,-87.31460571289062,2209.8,141.97492951599614,137.79610854444132
2024-05-10 12:53:16+00:00,NKS1336,21.468076544292902,-87.31369018554688,2202.1800000000003,141.97492951599614,137.79610854444132
2024-05-10 12:53:17+00:00,NKS1336,21.46765757415254,-87.31333414713538,2202.1800000000003,141.97492951599614,137.79610854444132
2024-05-10 12:53:18+00:00,NKS1336,21.4661865234375,-87.3120949485085,2194.56,141.84277341263095,137.39122524064337
2024-05-10 12:53:19+00:00,NKS1336,21.46517944335937,-87.31124600497157,2186.94,141.84277341263095,137.39122524064337
2024-05-10 12:53:20+00:00,NKS1336,21.46421813964844,-87.31044699928975,2179.32,141.84277341263095,137.39122524064337
2024-05-10 12:53:21+00:00,NKS1336,21.46323511155985,-87.30962117513019,2171.7000000000003,141.70983680775691,136.98707720627232
2024-05-10 12:53:22+00:00,NKS1336,21.462350619041317,-87.30890909830725,2171.7000000000003,141.70983680775691,136.98707720627232
2024-05-10 12:53:23+00:00,NKS1336,21.461929321289062,-87.30849942294032,2164.08,141.8791132256311,136.6689013877388
2024-05-10 12:53:24+00:00,NKS1336,21.46055603027344,-87.30735085227269,2156.46,141.8791132256311,136.6689013877388
2024-05-10 12:53:25+00:00,NKS1336,21.459185066869704,-87.30621337890625,2148.84,141.74557964748283,136.26455320508617
2024-05-10 12:53:27+00:00,NKS1336,21.457809448242188,-87.3050537109375,2141.2200000000003,141.74557964748283,136.26455320508617
2024-05-10 12:53:28+00:00,NKS1336,21.456710815429688,-87.30415482954544,2141.2200000000003,141.74557964748283,136.26455320508617
2024-05-10 12:53:29+00:00,NKS1336,21.45625305175781,-87.3037553267045,2133.6,141.74557964748283,136.26455320508617
2024-05-10 12:53:30+00:00,NKS1336,21.454742431640625,-87.30245694247157,2125.98,141.61125195672076,135.86094957378415
2024-05-10 12:53:31+00:00,NKS1336,21.45383155952065,-87.30168660481769,2118.36,141.61125195672076,135.86094957378415
2024-05-10 12:53:32+00:00,NKS1336,21.45252809686176,-87.30061848958331,2110.74,141.61125195672076,135.86094957378415
2024-05-10 12:53:33+00:00,NKS1336,21.451583862304688,-87.29981023615056,2110.74,141.78170353646857,135.5420827985274
2024-05-10 12:53:34+00:00,NKS1336,21.45062255859375,-87.29901123046875,2103.12,141.78170353646857,135.5420827985274
2024-05-10 12:53:35+00:00,NKS1336,21.4500732421875,-87.29856178977269,2095.5,141.78170353646857,135.5420827985274
2024-05-10 12:53:36+00:00,NKS1336,21.448699951171875,-87.29736328125,2087.88,141.78170353646857,135.5420827985274
2024-05-10 12:53:37+00:00,NKS1336,21.44777976860434,-87.29660034179688,2087.88,141.9529574681739,135.2244212592298
2024-05-10 12:53:38+00:00,NKS1336,21.44680217161017,-87.2957865397135,2080.26,141.9529574681739,135.2244212592298
2024-05-10 12:53:39+00:00,NKS1336,21.445871126853813,-87.29502360026038,2072.6400000000003,141.9529574681739,135.2244212592298
2024-05-10 12:53:40+00:00,NKS1336,21.444808959960938,-87.29411732066762,2065.02,141.9529574681739,135.2244212592298
2024-05-10 12:53:41+00:00,NKS1336,21.44428835076801,-87.293701171875,2065.02,142.12501634890182,134.9079734696312
2024-05-10 12:53:42+00:00,NKS1336,21.443756103515625,-87.29326837713069,2057.4,142.12501634890182,134.9079734696312
2024-05-10 12:53:43+00:00,NKS1336,21.442240052304022,-87.29197184244788,2049.78,142.12501634890182,134.9079734696312
2024-05-10 12:53:44+00:00,NKS1336,21.44126245530985,-87.29115804036456,2042.16,141.990474343059,134.5022667833132
2024-05-10 12:53:45+00:00,NKS1336,21.44013977050781,-87.29022216796875,2042.16,141.990474343059,134.5022667833132
2024-05-10 12:53:46+00:00,NKS1336,21.439361572265625,-87.28957297585225,2034.54,141.990474343059,134.5022667833132
2024-05-10 12:53:47+00:00,NKS1336,21.43832966432733,-87.28871663411456,2026.92,141.990474343059,134.5022667833132
2024-05-10 12:53:48+00:00,NKS1336,21.437352067333155,-87.28790283203125,2026.92,141.85511898010054,134.09730623422178
2024-05-10 12:53:49+00:00,NKS1336,21.436431884765625,-87.28712602095169,2019.3,142.02839623894965,133.78017059834391
2024-05-10 12:53:50+00:00,NKS1336,21.43530376886917,-87.28622436523438,2011.68,142.02839623894965,133.78017059834391
2024-05-10 12:53:51+00:00,NKS1336,21.434419276350635,-87.28546142578125,2004.06,142.02839623894965,133.78017059834391
2024-05-10 12:53:52+00:00,NKS1336,21.433364868164062,-87.28457919034088,2004.06,142.02839623894965,133.78017059834391
2024-05-10 12:53:53+00:00,NKS1336,21.432357788085938,-87.28373024680394,1996.44,142.02839623894965,133.78017059834391
2024-05-10 12:53:54+00:00,NKS1336,21.43185890327065,-87.2833251953125,1988.82,141.89242312248513,133.37500185569024
2024-05-10 12:53:55+00:00,NKS1336,21.43080139160156,-87.282431862571,1988.82,141.89242312248513,133.37500185569024
2024-05-10 12:53:56+00:00,NKS1336,21.42979431152344,-87.28163285688919,1981.2,141.89242312248513,133.37500185569024
2024-05-10 12:53:57+00:00,NKS1336,21.428878784179688,-87.28083385120738,1973.58,141.89242312248513,133.37500185569024
2024-05-10 12:53:58+00:00,NKS1336,21.427901963056144,-87.28001912434894,1973.58,141.9301334966632,132.65275463122748
2024-05-10 12:53:59+00:00,NKS1336,21.427001953125,-87.27923583984375,1965.96,141.9301334966632,132.65275463122748
2024-05-10 12:54:00+00:00,NKS1336,21.425994873046875,-87.27838689630681,1958.34,141.9301334966632,132.65275463122748
2024-05-10 12:54:01+00:00,NKS1336,21.42501572431144,-87.27762858072913,1950.72,141.9301334966632,132.65275463122748
2024-05-10 12:54:02+00:00,NKS1336,21.424131231792902,-87.276865641276,1950.72,141.9301334966632,132.65275463122748
2024-05-10 12:54:03+00:00,NKS1336,21.42310708256091,-87.2760009765625,1943.1,142.1054814776802,132.33615691796604
2024-05-10 12:54:04+00:00,NKS1336,21.42208293332892,-87.27518717447913,1935.48,142.1054814776802,132.33615691796604
2024-05-10 12:54:05+00:00,NKS1336,21.421151888572563,-87.27437337239581,1935.48,142.1054814776802,132.33615691796604
2024-05-10 12:54:06+00:00,NKS1336,21.420686366194385,-87.27401733398438,1927.86,142.1054814776802,132.33615691796604
2024-05-10 12:54:07+00:00,NKS1336,21.419265747070312,-87.27284379438919,1920.24,141.96825674137855,131.93056549949466
2024-05-10 12:54:08+00:00,NKS1336,21.41835021972656,-87.27204478870738,1912.62,142.1446583705914,131.61424138306086
2024-05-10 12:54:09+00:00,NKS1336,21.41743469238281,-87.27129572088069,1912.62,142.1446583705914,131.61424138306086
2024-05-10 12:54:10+00:00,NKS1336,21.41661071777344,-87.27059659090907,1905.0,142.1446583705914,131.61424138306086
2024-05-10 12:54:11+00:00,NKS1336,21.415603637695312,-87.26974764737213,1897.38,142.1446583705914,131.61424138306086
2024-05-10 12:54:12+00:00,NKS1336,21.41473388671875,-87.26904851740056,1897.38,142.1446583705914,131.61424138306086
2024-05-10 12:54:13+00:00,NKS1336,21.413726806640625,-87.26819957386363,1889.76,142.1446583705914,131.61424138306086
2024-05-10 12:54:14+00:00,NKS1336,21.41277248576536,-87.26740519205725,1882.14,142.3219082869737,131.2991708348497
2024-05-10 12:54:15+00:00,NKS1336,21.41170178429555,-87.26654052734375,1874.52,142.3219082869737,131.2991708348497
2024-05-10 12:54:16+00:00,NKS1336,21.41075134277344,-87.26575261896306,1874.52,142.3219082869737,131.2991708348497
2024-05-10 12:54:17+00:00,NKS1336,21.409835815429688,-87.26500355113637,1866.9,142.18426739242688,130.8923880612514
2024-05-10 12:54:18+00:00,NKS1336,21.409011840820312,-87.26430442116475,1859.28,142.36259251121257,130.57760253855153
2024-05-10 12:54:19+00:00,NKS1336,21.408024157507946,-87.26348876953125,1859.28,142.36259251121257,130.57760253855153
2024-05-10 12:54:21+00:00,NKS1336,21.406494140625,-87.26220703125,1851.66,142.36259251121257,130.57760253855153
2024-05-10 12:54:22+00:00,NKS1336,21.40597585904396,-87.26181030273438,1844.04,142.36259251121257,130.57760253855153
2024-05-10 12:54:23+00:00,NKS1336,21.40498352050781,-87.26095858487213,1836.42,142.22431569404534,130.17059798753482
2024-05-10 12:54:24+00:00,NKS1336,21.40411376953125,-87.26025945490056,1836.42,142.22431569404534,130.17059798753482
2024-05-10 12:54:25+00:00,NKS1336,21.403060913085938,-87.25941051136363,1828.8,142.22431569404534,130.17059798753482
2024-05-10 12:54:26+00:00,NKS1336,21.40205383300781,-87.25861150568181,1821.18,142.22431569404534,130.17059798753482
2024-05-10 12:54:27+00:00,NKS1336,21.400668903932733,-87.25743611653644,1813.56,142.40372885278802,129.8561008117423
2024-05-10 12:54:28+00:00,NKS1336,21.40015682931673,-87.25697835286456,1813.56,142.40372885278802,129.8561008117423
2024-05-10 12:54:29+00:00,NKS1336,21.399179232322563,-87.25621541341144,1805.94,142.40372885278802,129.8561008117423
2024-05-10 12:54:30+00:00,NKS1336,21.39838784427966,-87.25555419921875,1798.3200000000002,142.2648105840843,129.44887221990044
2024-05-10 12:54:31+00:00,NKS1336,21.397456799523304,-87.25479125976562,1798.3200000000002,142.2648105840843,129.44887221990044
2024-05-10 12:54:32+00:00,NKS1336,21.3958740234375,-87.25346790660512,1790.7,142.2648105840843,129.44887221990044
2024-05-10 12:54:33+00:00,NKS1336,21.395050048828125,-87.25281871448863,1783.0800000000002,142.2648105840843,129.44887221990044
2024-05-10 12:54:34+00:00,NKS1336,21.394058486162606,-87.25194295247394,1775.46,142.12501634890182,129.04240940573422
2024-05-10 12:54:36+00:00,NKS1336,21.392149844412074,-87.25041707356769,1767.84,142.12501634890182,129.04240940573422
2024-05-10 12:54:37+00:00,NKS1336,21.39125061035156,-87.24962269176137,1760.22,142.30575953331083,128.72721183996944
2024-05-10 12:54:39+00:00,NKS1336,21.389419555664062,-87.24812455610794,1752.6,142.16530873291592,128.32052555839869
2024-05-10 12:54:40+00:00,NKS1336,21.3885498046875,-87.24737548828125,1744.98,142.16530873291592,128.32052555839869
2024-05-10 12:54:42+00:00,NKS1336,21.387496948242188,-87.24652654474431,1737.36,142.16530873291592,128.32052555839869
2024-05-10 12:54:43+00:00,NKS1336,21.386489868164062,-87.24567760120738,1737.36,142.16530873291592,128.32052555839869
2024-05-10 12:54:44+00:00,NKS1336,21.385574340820312,-87.24492853338069,1729.74,142.02396569615664,127.91461525694864
2024-05-10 12:54:45+00:00,NKS1336,21.38465493412341,-87.24416097005206,1722.12,142.02396569615664,127.91461525694864
2024-05-10 12:54:46+00:00,NKS1336,21.38381699384269,-87.24344889322913,1714.5,142.02396569615664,127.91461525694864
2024-05-10 12:54:47+00:00,NKS1336,21.382885949086333,-87.242685953776,1714.5,142.02396569615664,127.91461525694864
2024-05-10 12:54:48+00:00,NKS1336,21.38190835209216,-87.24187215169269,1706.88,142.06404179280045,127.19257276450752
2024-05-10 12:54:49+00:00,NKS1336,21.38099670410156,-87.241133256392,1699.26,142.06404179280045,127.19257276450752
2024-05-10 12:54:50+00:00,NKS1336,21.380185919292902,-87.24044799804688,1699.26,142.06404179280045,127.19257276450752
2024-05-10 12:54:51+00:00,NKS1336,21.379302978515625,-87.23968505859375,1691.64,142.06404179280045,127.19257276450752
2024-05-10 12:54:52+00:00,NKS1336,21.377609252929688,-87.23828679865056,1684.02,141.921117638435,126.78722606682678
2024-05-10 12:54:53+00:00,NKS1336,21.376741053694385,-87.237548828125,1676.4,141.921117638435,126.78722606682678
2024-05-10 12:54:54+00:00,NKS1336,21.37586975097656,-87.23683860085225,1676.4,141.921117638435,126.78722606682678
2024-05-10 12:54:55+00:00,NKS1336,21.375045776367188,-87.23613947088069,1668.78,141.921117638435,126.78722606682678
2024-05-10 12:54:56+00:00,NKS1336,21.374180680614405,-87.23541259765625,1661.16,141.77727757980446,126.38267336247088
2024-05-10 12:54:57+00:00,NKS1336,21.373260498046875,-87.23469127308238,1661.16,141.77727757980446,126.38267336247088
2024-05-10 12:54:58+00:00,NKS1336,21.37236514333951,-87.23388671875,1653.5400000000002,141.96096302624858,126.06502441048748
2024-05-10 12:54:59+00:00,NKS1336,21.37152099609375,-87.23319313742894,1645.92,141.96096302624858,126.06502441048748
2024-05-10 12:55:01+00:00,NKS1336,21.36957200907045,-87.23154703776038,1638.3000000000002,141.81642447012737,125.66025273490196
2024-05-10 12:55:02+00:00,NKS1336,21.368682861328125,-87.23084605823863,1630.68,141.81642447012737,125.66025273490196
2024-05-10 12:55:03+00:00,NKS1336,21.36785888671875,-87.23009699041194,1623.0600000000002,141.81642447012737,125.66025273490196
2024-05-10 12:55:06+00:00,NKS1336,21.3651123046875,-87.22779984907669,1607.8200000000002,141.81642447012737,125.66025273490196
2024-05-10 12:55:09+00:00,NKS1336,21.36328125,-87.22630171342325,1600.2,141.8560240552053,124.93789144639192
2024-05-10 12:55:10+00:00,NKS1336,21.362356412208687,-87.22554524739581,1592.5800000000002,141.8560240552053,124.93789144639192
2024-05-10 12:55:11+00:00,NKS1336,21.360633979409428,-87.22407023111975,1584.96,141.8560240552053,124.93789144639192
2024-05-10 12:55:13+00:00,NKS1336,21.359702934653072,-87.22325642903644,1577.34,141.89608419465353,124.21559053217892
2024-05-10 12:55:14+00:00,NKS1336,21.35881844213453,-87.2225443522135,1577.34,141.89608419465353,124.21559053217892
2024-05-10 12:55:15+00:00,NKS1336,21.35714256157309,-87.22117106119788,1562.1,141.89608419465353,124.21559053217892
2024-05-10 12:55:17+00:00,NKS1336,21.355373576536017,-87.21964518229163,1554.48,141.89608419465353,124.21559053217892
2024-05-10 12:55:19+00:00,NKS1336,21.354400634765625,-87.21886097301137,1546.86,142.08328599975255,123.89879378107176
2024-05-10 12:55:20+00:00,NKS1336,21.35355803926112,-87.21811930338538,1546.86,142.08328599975255,123.89879378107176
2024-05-10 12:55:21+00:00,NKS1336,21.352523803710938,-87.21726296164769,1539.24,141.93661293017394,123.49335105163355
2024-05-10 12:55:22+00:00,NKS1336,21.35174560546875,-87.21661376953125,1531.62,141.93661293017394,123.49335105163355
2024-05-10 12:55:23+00:00,NKS1336,21.350830078125,-87.2158647017045,1531.62,141.93661293017394,123.49335105163355
2024-05-10 12:55:24+00:00,NKS1336,21.349868774414062,-87.21506569602269,1524.0,141.93661293017394,123.49335105163355
2024-05-10 12:55:25+00:00,NKS1336,21.34894936771716,-87.21425374348956,1516.38,141.93661293017394,123.49335105163355
2024-05-10 12:55:26+00:00,NKS1336,21.34792521848517,-87.21343994140625,1508.76,141.9776184908317,122.7711740889636
2024-05-10 12:55:27+00:00,NKS1336,21.34712219238281,-87.2127685546875,1508.76,141.9776184908317,122.7711740889636
2024-05-10 12:55:28+00:00,NKS1336,21.346295890161542,-87.21206665039062,1501.14,141.9776184908317,122.7711740889636
2024-05-10 12:55:31+00:00,NKS1336,21.343734741210938,-87.209922096946,1485.9,141.9776184908317,122.7711740889636
2024-05-10 12:55:32+00:00,NKS1336,21.34291076660156,-87.2092729048295,1485.9,141.9776184908317,122.7711740889636
2024-05-10 12:55:33+00:00,NKS1336,21.342013084282307,-87.208506266276,1478.28,141.9776184908317,122.7711740889636
2024-05-10 12:55:34+00:00,NKS1336,21.341079711914062,-87.207724831321,1470.66,141.9776184908317,122.7711740889636
2024-05-10 12:55:35+00:00,NKS1336,21.340118408203125,-87.20687588778407,1470.66,141.9776184908317,122.7711740889636
2024-05-10 12:55:36+00:00,NKS1336,21.339359606726696,-87.20626831054688,1463.04,141.9776184908317,122.7711740889636
2024-05-10 12:55:37+00:00,NKS1336,21.33791648735434,-87.20509847005206,1455.42,141.9776184908317,122.7711740889636
2024-05-10 12:55:38+00:00,NKS1336,21.33750915527344,-87.20472856001419,1455.42,141.9776184908317,122.7711740889636
2024-05-10 12:55:39+00:00,NKS1336,21.336593627929688,-87.2039794921875,1447.8000000000002,141.9776184908317,122.7711740889636
2024-05-10 12:55:40+00:00,NKS1336,21.33526611328125,-87.20283092151988,1440.18,141.9776184908317,122.7711740889636
2024-05-10 12:55:41+00:00,NKS1336,21.33442506951801,-87.2021484375,1440.18,141.9776184908317,122.7711740889636
2024-05-10 12:55:42+00:00,NKS1336,21.334052651615465,-87.20184326171875,1440.18,141.9776184908317,122.7711740889636
2024-05-10 12:55:43+00:00,NKS1336,21.33320617675781,-87.20118297230113,1432.5600000000002,141.9776184908317,122.7711740889636
2024-05-10 12:55:44+00:00,NKS1336,21.332330218816207,-87.20041910807288,1424.94,141.9776184908317,122.7711740889636
2024-05-10 12:55:45+00:00,NKS1336,21.33144572629767,-87.19965616861975,1417.3200000000002,141.9776184908317,122.7711740889636
2024-05-10 12:55:46+00:00,NKS1336,21.330654338254767,-87.19899495442706,1417.3200000000002,141.9776184908317,122.7711740889636
2024-05-10 12:55:47+00:00,NKS1336,21.329769845736227,-87.19828287760413,1409.7,141.9776184908317,122.7711740889636
2024-05-10 12:55:48+00:00,NKS1336,21.328628540039062,-87.19733775745738,1402.0800000000002,141.9776184908317,122.7711740889636
2024-05-10 12:55:49+00:00,NKS1336,21.32781465174788,-87.1966552734375,1402.0800000000002,141.9776184908317,122.7711740889636
2024-05-10 12:55:50+00:00,NKS1336,21.327349129369704,-87.19624837239581,1394.46,141.9776184908317,122.7711740889636
2024-05-10 12:55:51+00:00,NKS1336,21.32595256223517,-87.195078531901,1386.84,141.9776184908317,122.7711740889636
2024-05-10 12:55:52+00:00,NKS1336,21.325580144332623,-87.19477335611975,1386.84,141.9776184908317,122.7711740889636
2024-05-10 12:55:53+00:00,NKS1336,21.32464599609375,-87.19404185901988,1379.22,141.9776184908317,122.7711740889636
2024-05-10 12:55:54+00:00,NKS1336,21.323272705078125,-87.19284335049713,1371.6,141.9776184908317,122.7711740889636
2024-05-10 12:55:55+00:00,NKS1336,21.32281494140625,-87.19249378551137,1371.6,141.9776184908317,122.7711740889636
2024-05-10 12:55:56+00:00,NKS1336,21.321945190429688,-87.19174471768463,1363.98,141.9776184908317,122.7711740889636
2024-05-10 12:55:57+00:00,NKS1336,21.321121215820312,-87.19104558771306,1363.98,141.9776184908317,122.7711740889636
2024-05-10 12:55:58+00:00,NKS1336,21.320297241210938,-87.19039639559657,1356.36,141.9776184908317,122.7711740889636
2024-05-10 12:55:59+00:00,NKS1336,21.319381713867188,-87.18959738991475,1348.74,141.9776184908317,122.7711740889636
2024-05-10 12:56:00+00:00,NKS1336,21.31808523404396,-87.18851725260413,1341.12,141.9776184908317,122.7711740889636
2024-05-10 12:56:01+00:00,NKS1336,21.317550659179688,-87.18809925426137,1341.12,141.9776184908317,122.7711740889636
2024-05-10 12:56:02+00:00,NKS1336,21.31664211467161,-87.18734741210938,1333.5,141.9776184908317,122.7711740889636
2024-05-10 12:56:03+00:00,NKS1336,21.315850726628707,-87.18663533528644,1333.5,141.9776184908317,122.7711740889636
2024-05-10 12:56:04+00:00,NKS1336,21.31494140625,-87.18590198863637,1325.88,141.82924430319807,122.36632073923204
2024-05-10 12:56:05+00:00,NKS1336,21.31343001026218,-87.18465169270831,1318.26,141.82924430319807,122.36632073923204
2024-05-10 12:56:07+00:00,NKS1336,21.31180068193856,-87.18327840169269,1303.02,141.82924430319807,122.36632073923204
2024-05-10 12:56:09+00:00,NKS1336,21.310775756835938,-87.1824562766335,1303.02,142.019109298515,122.04906075394337
2024-05-10 12:56:10+00:00,NKS1336,21.309938592425848,-87.18170166015625,1295.4,142.019109298515,122.04906075394337
2024-05-10 12:56:11+00:00,NKS1336,21.30908203125,-87.18100807883519,1287.78,142.019109298515,122.04906075394337
2024-05-10 12:56:12+00:00,NKS1336,21.308029174804688,-87.18010919744319,1287.78,141.86999230821428,121.64397971232292
2024-05-10 12:56:13+00:00,NKS1336,21.307285114870236,-87.17951456705725,1280.16,141.86999230821428,121.64397971232292
2024-05-10 12:56:14+00:00,NKS1336,21.306307517876057,-87.17870076497394,1272.54,141.86999230821428,121.64397971232292
2024-05-10 12:56:15+00:00,NKS1336,21.30551147460937,-87.17801180752838,1272.54,141.86999230821428,121.64397971232292
2024-05-10 12:56:16+00:00,NKS1336,21.303955078125,-87.17671342329544,1264.92,142.0610939735861,121.32701218266877
2024-05-10 12:56:17+00:00,NKS1336,21.30322265625,-87.17611416903407,1257.3,142.0610939735861,121.32701218266877
2024-05-10 12:56:18+00:00,NKS1336,21.30235290527344,-87.1754150390625,1249.68,142.0610939735861,121.32701218266877
2024-05-10 12:56:19+00:00,NKS1336,21.30137298066737,-87.17458089192706,1249.68,142.0610939735861,121.32701218266877
2024-05-10 12:56:20+00:00,NKS1336,21.30053504038665,-87.17386881510413,1242.0600000000002,142.0610939735861,121.32701218266877
2024-05-10 12:56:22+00:00,NKS1336,21.29951477050781,-87.173018022017,1234.44,142.0610939735861,121.32701218266877
2024-05-10 12:56:23+00:00,NKS1336,21.298553466796875,-87.17221901633519,1234.44,142.0610939735861,121.32701218266877
2024-05-10 12:56:24+00:00,NKS1336,21.297648801641948,-87.17147827148438,1226.8200000000002,141.91122711902466,120.92170094637272
2024-05-10 12:56:25+00:00,NKS1336,21.29681396484375,-87.17077081853694,1219.2,141.91122711902466,120.92170094637272
2024-05-10 12:56:26+00:00,NKS1336,21.2958984375,-87.17002175071019,1219.2,141.91122711902466,120.92170094637272
2024-05-10 12:56:27+00:00,NKS1336,21.295181533037606,-87.16939290364581,1211.5800000000002,141.91122711902466,120.92170094637272
2024-05-10 12:56:28+00:00,NKS1336,21.294343592756885,-87.16868082682288,1211.5800000000002,141.91122711902466,120.92170094637272
2024-05-10 12:56:29+00:00,NKS1336,21.29271426443326,-87.1673583984375,1196.34,141.91122711902466,120.92170094637272
2024-05-10 12:56:30+00:00,NKS1336,21.29187632415254,-87.16664632161456,1196.34,141.91122711902466,120.92170094637272
2024-05-10 12:56:31+00:00,NKS1336,21.291091918945312,-87.16602672230113,1188.72,141.91122711902466,120.92170094637272
2024-05-10 12:56:32+00:00,NKS1336,21.2902004435911,-87.16522216796875,1181.1,141.91122711902466,120.92170094637272
2024-05-10 12:56:33+00:00,NKS1336,21.289315951072563,-87.16451009114581,1181.1,141.91122711902466,120.92170094637272
2024-05-10 12:56:34+00:00,NKS1336,21.288431458554022,-87.16379801432288,1173.48,141.91122711902466,120.92170094637272
2024-05-10 12:56:35+00:00,NKS1336,21.287593518273304,-87.1630859375,1173.48,141.91122711902466,120.92170094637272
2024-05-10 12:56:36+00:00,NKS1336,21.286788940429688,-87.16238125887782,1165.86,141.91122711902466,120.92170094637272
2024-05-10 12:56:37+00:00,NKS1336,21.285919189453125,-87.16168212890625,1158.24,141.91122711902466,120.92170094637272
2024-05-10 12:56:38+00:00,NKS1336,21.28509521484375,-87.16098299893463,1158.24,142.0610939735861,121.32701218266877
2024-05-10 12:56:39+00:00,NKS1336,21.28413391113281,-87.16023393110794,1150.62,142.0610939735861,121.32701218266877
2024-05-10 12:56:40+00:00,NKS1336,21.28326416015625,-87.15947469075519,1143.0,142.0610939735861,121.32701218266877
2024-05-10 12:56:42+00:00,NKS1336,21.28193664550781,-87.15833629261363,1135.38,142.0610939735861,121.32701218266877
2024-05-10 12:56:43+00:00,NKS1336,21.28070378707627,-87.15733846028644,1127.76,142.0610939735861,121.32701218266877
2024-05-10 12:56:44+00:00,NKS1336,21.27992248535156,-87.15668834339488,1127.76,142.20996184561582,121.7331479747451
2024-05-10 12:56:45+00:00,NKS1336,21.279052734375,-87.15598921342325,1120.14,142.20996184561582,121.7331479747451
2024-05-10 12:56:46+00:00,NKS1336,21.27805030952065,-87.1551513671875,1112.52,142.20996184561582,121.7331479747451
2024-05-10 12:56:47+00:00,NKS1336,21.277175903320312,-87.15439120205963,1112.52,142.20996184561582,121.7331479747451
2024-05-10 12:56:49+00:00,NKS1336,21.27552795410156,-87.15304287997157,1097.28,142.20996184561582,121.7331479747451
2024-05-10 12:56:50+00:00,NKS1336,21.27479553222656,-87.15244362571019,1097.28,142.20996184561582,121.7331479747451
2024-05-10 12:56:51+00:00,NKS1336,21.27390716035487,-87.15169270833331,1089.66,142.20996184561582,121.7331479747451
2024-05-10 12:56:52+00:00,NKS1336,21.273022667836333,-87.15098063151038,1082.04,142.0610939735861,121.32701218266877
2024-05-10 12:56:54+00:00,NKS1336,21.271486443988348,-87.14970906575519,1074.42,142.0610939735861,121.32701218266877
2024-05-10 12:56:55+00:00,NKS1336,21.270584106445312,-87.14894797585225,1066.8,142.0610939735861,121.32701218266877
2024-05-10 12:56:56+00:00,NKS1336,21.269851684570312,-87.14834872159088,1066.8,142.0610939735861,121.32701218266877
2024-05-10 12:56:57+00:00,NKS1336,21.26893615722656,-87.14759965376419,1059.18,142.25319461272534,121.01140142710996
2024-05-10 12:56:58+00:00,NKS1336,21.26799502615201,-87.14680989583331,1051.56,142.25319461272534,121.01140142710996
2024-05-10 12:56:59+00:00,NKS1336,21.267242431640625,-87.146201393821,1051.56,142.1035813407312,120.6050295383393
2024-05-10 12:57:00+00:00,NKS1336,21.266412250066207,-87.14548746744788,1043.94,142.1035813407312,120.6050295383393
2024-05-10 12:57:01+00:00,NKS1336,21.265548706054688,-87.14480313387782,1043.94,142.1035813407312,120.6050295383393
2024-05-10 12:57:02+00:00,NKS1336,21.264689817266948,-87.14406331380206,1036.3200000000002,142.1035813407312,120.6050295383393
2024-05-10 12:57:03+00:00,NKS1336,21.26389842922405,-87.14340209960938,1028.7,142.29694615397517,120.28972460431385
2024-05-10 12:57:04+00:00,NKS1336,21.262939453125,-87.14265580610794,1028.7,142.29694615397517,120.28972460431385
2024-05-10 12:57:05+00:00,NKS1336,21.26202392578125,-87.14185680042613,1021.08,142.29694615397517,120.28972460431385
2024-05-10 12:57:06+00:00,NKS1336,21.261062622070312,-87.14105779474431,1013.46,142.1465804350169,119.88311401206796
2024-05-10 12:57:07+00:00,NKS1336,21.260127697960804,-87.14029947916663,1013.46,142.1465804350169,119.88311401206796
2024-05-10 12:57:08+00:00,NKS1336,21.259185791015625,-87.13950972123575,1005.84,142.1465804350169,119.88311401206796
